,position,token,lemma,POS,XPOS,func,type,head,deprel,misc
0,1,Het,het,PRON,VNW|pers|pron|stan|red|3|ev|onz,Person=3|PronType=Prs,3,expl,_,_
1,2,was,zijn,AUX,WW|pv|verl|ev,Number=Sing|Tense=Past|VerbForm=Fin,3,cop,_,_
2,3,heerlijk,heerlijk,ADJ,ADJ|vrij|basis|zonder,Degree=Pos,0,root,_,_
3,4,buiten,buiten,ADP,VZ|fin,_,7,case,_,_
4,5,op,op,ADP,VZ|init,_,7,case,_,_
5,6,het,het,DET,LID|bep|stan|evon,Definite=Def,7,det,_,_
6,7,land,land,NOUN,N|soort|ev|basis|onz|stan,Gender=Neut|Number=Sing,3,obl,_,SpaceAfter=No
7,8,.,.,PUNCT,LET,_,3,punct,_,SpacesAfter=\n
8,1,Het,het,PRON,VNW|pers|pron|stan|red|3|ev|onz,Person=3|PronType=Prs,3,nsubj,_,_
9,2,was,zijn,AUX,WW|pv|verl|ev,Number=Sing|Tense=Past|VerbForm=Fin,3,cop,_,_
10,3,zomer,zom,NOUN,N|soort|ev|basis|zijd|stan,Gender=Com|Number=Sing,0,root,_,SpaceAfter=No
11,4,.,.,PUNCT,LET,_,3,punct,_,SpacesAfter=\n
12,1,Het,het,DET,LID|bep|stan|evon,Definite=Def,2,det,_,_
13,2,koren,koren,NOUN,N|soort|ev|basis|onz|stan,Gender=Neut|Number=Sing,4,nsubj,_,_
14,3,was,zijn,AUX,WW|pv|verl|ev,Number=Sing|Tense=Past|VerbForm=Fin,4,cop,_,_
15,4,rijp,rijp,ADJ,ADJ|vrij|basis|zonder,Degree=Pos,0,root,_,SpaceAfter=No
16,5,.,.,PUNCT,LET,_,4,punct,_,SpacesAfter=\n
17,1,Het,het,DET,LID|bep|stan|evon,Definite=Def,2,det,_,_
18,2,hooi,hooi,NOUN,N|soort|ev|basis|onz|stan,Gender=Neut|Number=Sing,3,nsubj,_,_
19,3,stond,staan,VERB,WW|pv|verl|ev,Number=Sing|Tense=Past|VerbForm=Fin,0,root,_,_
20,4,op,op,ADP,VZ|init,_,7,case,_,_
21,5,de,de,DET,LID|bep|stan|rest,Definite=Def,7,det,_,_
22,6,groene,groen,ADJ,ADJ|prenom|basis|met-e|stan,Degree=Pos,7,amod,_,_
23,7,weiden,weid,NOUN,N|soort|mv|basis,Number=Plur,3,obl,_,_
24,8,aan,aan,ADP,VZ|init,_,9,case,_,_
25,9,oppers,opper,NOUN,N|soort|mv|basis,Number=Plur,3,obl,_,SpaceAfter=No
26,10,.,.,PUNCT,LET,_,3,punct,_,SpacesAfter=\n
27,1,En,en,CCONJ,VG|neven,_,4,mark,_,_
28,2,de,de,DET,LID|bep|stan|rest,Definite=Def,3,det,_,_
29,3,ooievaar,ooievaar,NOUN,N|soort|ev|basis|zijd|stan,Gender=Com|Number=Sing,4,nsubj,_,_
30,4,liep,lopen,VERB,WW|pv|verl|ev,Number=Sing|Tense=Past|VerbForm=Fin,0,root,_,_
31,5,op,op,ADP,VZ|init,_,9,case,_,_
32,6,zijn,zijn,PRON,VNW|bez|det|stan|vol|3|ev|prenom|zonder|agr,Person=3|Poss=Yes|PronType=Prs,9,nmod:poss,_,_
33,7,lange,lang,ADJ,ADJ|prenom|basis|met-e|stan,Degree=Pos,9,amod,_,_
34,8,rode,rood,ADJ,ADJ|prenom|basis|met-e|stan,Degree=Pos,9,amod,_,_
35,9,poten,poot,NOUN,N|soort|mv|basis,Number=Plur,4,obl,_,_
36,10,en,en,CCONJ,VG|neven,_,12,cc,_,_
37,11,praatte,praatte,ADV,BW,_,12,advmod,_,_
38,12,Egyptisch,Egyptisch,ADJ,ADJ|vrij|basis|zonder,Degree=Pos,4,conj,_,SpaceAfter=No
39,13,",",",",PUNCT,LET,_,22,punct,_,_
40,14,want,want,CCONJ,VG|neven,_,22,cc,_,_
41,15,deze,deze,DET,VNW|aanw|det|stan|prenom|met-e|rest,_,16,det,_,_
42,16,taal,taal,NOUN,N|soort|ev|basis|zijd|stan,Gender=Com|Number=Sing,22,obj,_,_
43,17,had,hebben,AUX,WW|pv|verl|ev,Number=Sing|Tense=Past|VerbForm=Fin,22,aux,_,_
44,18,hij,hij,PRON,VNW|pers|pron|nomin|vol|3|ev|masc,Case=Nom|Person=3|PronType=Prs,22,nsubj,_,_
45,19,van,van,ADP,VZ|init,_,21,case,_,_
46,20,zijn,zijn,PRON,VNW|bez|det|stan|vol|3|ev|prenom|zonder|agr,Person=3|Poss=Yes|PronType=Prs,21,nmod:poss,_,_
47,21,moeder,moeder,NOUN,N|soort|ev|basis|zijd|stan,Gender=Com|Number=Sing,22,obl,_,_
48,22,geleerd,leren,VERB,WW|vd|vrij|zonder,VerbForm=Part,4,conj,_,SpaceAfter=No
49,23,.,.,PUNCT,LET,_,4,punct,_,SpacesAfter=\n
50,1,Rondom,rondom,ADP,VZ|init,_,3,case,_,_
51,2,de,de,DET,LID|bep|stan|rest,Definite=Def,3,det,_,_
52,3,korenvelden,korenveld,NOUN,N|soort|mv|basis,Number=Plur,9,obl,_,_
53,4,en,en,CCONJ,VG|neven,_,6,cc,_,_
54,5,de,de,DET,LID|bep|stan|rest,Definite=Def,6,det,_,_
55,6,weiden,weid,NOUN,N|soort|mv|basis,Number=Plur,3,conj,_,_
56,7,waren,zijn,AUX,WW|pv|verl|mv,Number=Plur|Tense=Past|VerbForm=Fin,9,cop,_,_
57,8,uitgestrekte,uitgestrekt,VERB,WW|vd|prenom|met-e,VerbForm=Part,9,amod,_,_
58,9,bossen,bossen,NOUN,N|soort|mv|basis,Number=Plur,0,root,_,SpaceAfter=No
59,10,.,.,PUNCT,LET,_,9,punct,_,SpacesAfter=\n
60,1,En,en,CCONJ,VG|neven,_,7,mark,_,_
61,2,midden,midden,ADV,BW,_,5,amod,_,_
62,3,in,in,ADP,VZ|init,_,5,case,_,_
63,4,de,de,DET,LID|bep|stan|rest,Definite=Def,5,det,_,_
64,5,bossen,bos,NOUN,N|soort|mv|basis,Number=Plur,7,obl,_,_
65,6,diepe,diep,ADJ,ADJ|prenom|basis|met-e|stan,Degree=Pos,7,advmod,_,_
66,7,meren,meren,VERB,WW|inf|vrij|zonder,VerbForm=Inf,0,root,_,SpaceAfter=No
67,8,.,.,PUNCT,LET,_,7,punct,_,SpacesAfter=\n
68,1,Ja,ja,INTJ,TSW,_,6,parataxis,_,SpaceAfter=No
69,2,",",",",PUNCT,LET,_,1,punct,_,_
70,3,het,het,PRON,VNW|pers|pron|stan|red|3|ev|onz,Person=3|PronType=Prs,6,expl,_,_
71,4,was,zijn,AUX,WW|pv|verl|ev,Number=Sing|Tense=Past|VerbForm=Fin,6,cop,_,_
72,5,werkelijk,werkelijk,ADJ,ADJ|vrij|basis|zonder,Degree=Pos,6,advmod,_,_
73,6,heerlijk,heerlijk,ADJ,ADJ|vrij|basis|zonder,Degree=Pos,0,root,_,_
74,7,daar,daar,ADV,VNW|aanw|adv-pron|obl|vol|3o|getal,_,6,advmod,_,_
75,8,buiten,buiten,ADP,VZ|fin,_,6,case,_,_
76,9,op,op,ADP,VZ|init,_,11,case,_,_
77,10,het,het,DET,LID|bep|stan|evon,Definite=Def,11,det,_,_
78,11,land,land,NOUN,N|soort|ev|basis|onz|stan,Gender=Neut|Number=Sing,6,obl,_,SpaceAfter=No
79,12,.,.,PUNCT,LET,_,6,punct,_,SpacesAfter=\n
80,1,Door,door,ADP,VZ|init,_,3,case,_,_
81,2,de,de,DET,LID|bep|stan|rest,Definite=Def,3,det,_,_
82,3,glans,glans,NOUN,N|soort|ev|basis|zijd|stan,Gender=Com|Number=Sing,6,obl,_,_
83,4,der,de,DET,LID|bep|gen|rest3,Definite=Def,5,det,_,_
84,5,zon,zon,NOUN,N|soort|ev|basis|zijd|stan,Gender=Com|Number=Sing,3,nmod,_,_
85,6,beschenen,beschenen,VERB,WW|vd|vrij|zonder,VerbForm=Part,8,advcl,_,SpaceAfter=No
86,7,",",",",PUNCT,LET,_,6,punct,_,_
87,8,stond,staan,VERB,WW|pv|verl|ev,Number=Sing|Tense=Past|VerbForm=Fin,0,root,_,_
88,9,daar,daar,ADV,VNW|aanw|adv-pron|obl|vol|3o|getal,_,8,advmod,_,_
89,10,een,een,DET,LID|onbep|stan|agr,Definite=Ind,12,det,_,_
90,11,oud,oud,ADJ,ADJ|prenom|basis|zonder,Degree=Pos,12,amod,_,_
91,12,kasteel,kasteel,NOUN,N|soort|ev|basis|onz|stan,Gender=Neut|Number=Sing,8,nsubj,_,SpaceAfter=No
92,13,",",",",PUNCT,LET,_,19,punct,_,_
93,14,dat,dat,PRON,VNW|betr|pron|stan|vol|3|ev,Person=3|PronType=Rel,19,nsubj:pass,_,_
94,15,door,door,ADP,VZ|init,_,18,case,_,_
95,16,een,een,DET,LID|onbep|stan|agr,Definite=Ind,18,det,_,_
96,17,diepe,diep,ADJ,ADJ|prenom|basis|met-e|stan,Degree=Pos,18,amod,_,_
97,18,gracht,gracht,NOUN,N|soort|ev|basis|zijd|stan,Gender=Com|Number=Sing,19,obl:agent,_,_
98,19,omgeven,omgeven,VERB,WW|vd|vrij|zonder,VerbForm=Part,12,acl:relcl,_,_
99,20,was,zijn,AUX,WW|pv|verl|ev,Number=Sing|Tense=Past|VerbForm=Fin,19,aux:pass,_,SpaceAfter=No
100,21,.,.,PUNCT,LET,_,8,punct,_,SpacesAfter=\n
101,1,En,en,CCONJ,VG|neven,_,9,mark,_,_
102,2,van,van,ADP,VZ|init,_,4,case,_,_
103,3,de,de,DET,LID|bep|stan|rest,Definite=Def,4,det,_,_
104,4,muur,muur,NOUN,N|soort|ev|basis|zijd|stan,Gender=Com|Number=Sing,9,obl,_,_
105,5,tot,tot,ADP,VZ|init,_,8,case,_,_
106,6,aan,aan,ADP,VZ|init,_,8,case,_,_
107,7,het,het,DET,LID|bep|stan|evon,Definite=Def,8,det,_,_
108,8,water,water,NOUN,N|soort|ev|basis|onz|stan,Gender=Neut|Number=Sing,4,nmod,_,_
109,9,groeide,groeien,VERB,WW|pv|verl|ev,Number=Sing|Tense=Past|VerbForm=Fin,0,root,_,_
110,10,dicht,dicht,ADJ,ADJ|vrij|basis|zonder,Degree=Pos,9,compound:prt,_,_
111,11,kreupelhout,kreupelhout,ADJ,ADJ|vrij|basis|zonder,Degree=Pos,10,fixed,_,SpaceAfter=No
112,12,.,.,PUNCT,LET,_,9,punct,_,SpacesAfter=\n
113,1,Ter,te,ADP,VZ|versm,_,2,case,_,_
114,2,midden,midden,ADV,BW,_,4,obl,_,_
115,3,hiervan,hiervan,ADV,BW,_,2,fixed,_,_
116,4,zat,zitten,ADJ,ADJ|vrij|basis|zonder,Degree=Pos,7,advmod,_,_
117,5,in,in,ADP,VZ|init,_,6,case,_,_
118,6,haar,haar,PRON,VNW|bez|det|stan|vol|3|ev|prenom|zonder|agr,Person=3|Poss=Yes|PronType=Prs,4,obl,_,_
119,7,nest,nest,AUX,WW|pv|verl|ev,Number=Sing|Tense=Past|VerbForm=Fin,0,root,_,_
120,8,een,een,DET,LID|onbep|stan|agr,Definite=Ind,9,det,_,_
121,9,eend,eend,NOUN,N|soort|ev|basis|zijd|stan,Gender=Com|Number=Sing,7,nsubj,_,SpaceAfter=No
122,10,",",",",PUNCT,LET,_,15,punct,_,_
123,11,die,die,PRON,VNW|betr|pron|stan|vol|persoon|getal,PronType=Rel,15,nsubj,_,_
124,12,haar,haar,PRON,VNW|bez|det|stan|vol|3|ev|prenom|zonder|agr,Person=3|Poss=Yes|PronType=Prs,13,nmod:poss,_,_
125,13,jongen,jongen,NOUN,N|soort|ev|basis|zijd|stan,Gender=Com|Number=Sing,15,obj,_,_
126,14,moest,moeten,AUX,WW|pv|verl|ev,Number=Sing|Tense=Past|VerbForm=Fin,15,aux,_,_
127,15,uitbroeden,uitbroeden,VERB,WW|vd|vrij|zonder,VerbForm=Part,9,acl:relcl,_,SpaceAfter=No
128,16,.,.,PUNCT,LET,_,7,punct,_,SpacesAfter=\n
129,1,Maar,maar,CCONJ,VG|neven,_,3,mark,_,_
130,2,het,het,PRON,VNW|pers|pron|stan|red|3|ev|onz,Person=3|PronType=Prs,3,nsubj,_,_
131,3,begon,beginnen,VERB,WW|pv|verl|ev,Number=Sing|Tense=Past|VerbForm=Fin,0,root,_,_
132,4,haar,haar,PRON,VNW|bez|det|stan|vol|3|ev|prenom|zonder|agr,Person=3|Poss=Yes|PronType=Prs,7,obj,_,_
133,5,bijna,bijna,ADV,BW,_,7,advmod,_,_
134,6,te,te,ADP,VZ|init,_,7,mark,_,_
135,7,vervelen,vervelen,VERB,WW|inf|vrij|zonder,VerbForm=Inf,3,xcomp,_,SpaceAfter=No
136,8,",",",",PUNCT,LET,_,11,punct,_,_
137,9,zo,zo,ADV,BW,_,10,advmod,_,_
138,10,lang,lang,ADJ,ADJ|vrij|basis|zonder,Degree=Pos,11,advmod,_,_
139,11,duurde,duren,VERB,WW|pv|verl|ev,Number=Sing|Tense=Past|VerbForm=Fin,3,advcl,_,_
140,12,het,het,PRON,VNW|pers|pron|stan|red|3|ev|onz,Person=3|PronType=Prs,11,nsubj,_,SpaceAfter=No
141,13,",",",",PUNCT,LET,_,17,punct,_,_
142,14,eer,eer,SCONJ,VG|onder,_,17,mark,_,_
143,15,de,de,DET,LID|bep|stan|rest,Definite=Def,16,det,_,_
144,16,jongen,jongen,NOUN,N|soort|ev|basis|zijd|stan,Gender=Com|Number=Sing,17,nsubj,_,_
145,17,uitkwamen,uitkomen,VERB,WW|pv|verl|mv,Number=Plur|Tense=Past|VerbForm=Fin,11,advcl,_,SpaceAfter=No
146,18,.,.,PUNCT,LET,_,3,punct,_,SpacesAfter=\n
147,1,Daarbij,daarbij,ADV,BW,_,2,advmod,_,_
148,2,kreeg,krijgen,VERB,WW|pv|verl|ev,Number=Sing|Tense=Past|VerbForm=Fin,0,root,_,_
149,3,zij,zij,PRON,VNW|pers|pron|nomin|vol|3v|ev|fem,Case=Nom|Person=3|PronType=Prs,2,nsubj,_,_
150,4,zelden,zelden,ADV,BW,_,2,advmod,_,_
151,5,bezoek,bezoek,NOUN,N|soort|ev|basis|onz|stan,Gender=Neut|Number=Sing,2,obj,_,SpaceAfter=No
152,6,.,.,PUNCT,LET,_,2,punct,_,SpacesAfter=\n
153,1,Want,want,CCONJ,VG|neven,_,5,mark,_,_
154,2,de,de,DET,LID|bep|stan|rest,Definite=Def,4,det,_,_
155,3,andere,ander,ADJ,ADJ|prenom|basis|met-e|stan,Degree=Pos,4,amod,_,_
156,4,eenden,eende,NOUN,N|soort|mv|basis,Number=Plur,5,nsubj,_,_
157,5,zwommen,zwommen,VERB,WW|pv|tgw|mv,Number=Plur|Tense=Pres|VerbForm=Fin,0,root,_,_
158,6,liever,liever,ADV,BW,_,5,advmod,_,_
159,7,in,in,ADP,VZ|init,_,9,case,_,_
160,8,de,de,DET,LID|bep|stan|rest,Definite=Def,9,det,_,_
161,9,gracht,gracht,NOUN,N|soort|ev|basis|zijd|stan,Gender=Com|Number=Sing,5,obl,_,_
162,10,rond,rond,ADP,VZ|fin,_,9,case,_,SpaceAfter=No
163,11,",",",",PUNCT,LET,_,19,punct,_,_
164,12,dan,dan,ADV,BW,_,19,advmod,_,_
165,13,dat,dat,SCONJ,VG|onder,_,19,mark,_,_
166,14,zij,zij,PRON,VNW|pers|pron|nomin|vol|3p|mv,Case=Nom|Person=3|PronType=Prs,19,nsubj,_,_
167,15,eens,eens,ADV,BW,_,19,advmod,_,_
168,16,uit,uit,ADP,VZ|init,_,18,case,_,_
169,17,het,het,DET,LID|bep|stan|evon,Definite=Def,18,det,_,_
170,18,water,water,NOUN,N|soort|ev|basis|onz|stan,Gender=Neut|Number=Sing,19,obl,_,_
171,19,kwamen,komen,VERB,WW|pv|verl|mv,Number=Plur|Tense=Past|VerbForm=Fin,5,advcl,_,_
172,20,om,om,ADP,VZ|init,_,24,mark,_,_
173,21,met,met,ADP,VZ|init,_,22,case,_,_
174,22,haar,haar,PRON,VNW|pers|pron|obl|vol|3|getal|fem,Case=Acc|Person=3|PronType=Prs,24,obl,_,_
175,23,te,te,ADP,VZ|init,_,24,mark,_,_
176,24,praten,praten,VERB,WW|inf|vrij|zonder,VerbForm=Inf,19,acl,_,SpaceAfter=No
177,25,.,.,PUNCT,LET,_,5,punct,_,SpacesAfter=\n
178,1,Eindelijk,eindelijk,ADJ,ADJ|vrij|basis|zonder,Degree=Pos,2,advmod,_,_
179,2,ging,gaan,VERB,WW|pv|verl|ev,Number=Sing|Tense=Past|VerbForm=Fin,0,root,_,_
180,3,het,het,PRON,VNW|pers|pron|stan|red|3|ev|onz,Person=3|PronType=Prs,2,nsubj,_,_
181,4,ene,een,PRON,VNW|onbep|det|stan|prenom|met-e|evz,PronType=Ind,2,obl,_,_
182,5,ei,ei,PRON,VNW|onbep|det|stan|vrij|zonder,PronType=Ind,4,fixed,_,_
183,6,na,na,ADP,VZ|init,_,9,case,_,_
184,7,het,het,DET,LID|bep|stan|evon,Definite=Def,9,det,_,_
185,8,andere,ander,ADJ,ADJ|nom|basis|met-e|zonder-n|stan,Degree=Pos,9,amod,_,_
186,9,open,open,ADJ,ADJ|vrij|basis|zonder,Degree=Pos,2,obl,_,SpaceAfter=No
187,10,.,.,PUNCT,LET,_,2,punct,_,SpacesAfter=\n
188,1,Een,een,DET,LID|onbep|stan|agr,Definite=Ind,2,det,_,_
189,2,gepiep,gepiep,NOUN,N|soort|ev|basis|zijd|stan,Gender=Com|Number=Sing,3,nsubj,_,_
190,3,deed,doen,VERB,WW|pv|verl|ev,Number=Sing|Tense=Past|VerbForm=Fin,0,root,_,_
191,4,zich,zich,PRON,VNW|refl|pron|obl|red|3|getal,Case=Acc|Person=3|PronType=Prs|Reflex=Yes,3,expl:pv,_,_
192,5,horen,horen,VERB,WW|inf|vrij|zonder,VerbForm=Inf,3,compound:prt,_,SpaceAfter=No
193,6,.,.,PUNCT,LET,_,3,punct,_,SpacesAfter=\n
194,1,En,en,CCONJ,VG|neven,_,10,mark,_,_
195,2,al,al,ADV,BW,_,4,amod,_,_
196,3,de,de,DET,LID|bep|stan|rest,Definite=Def,4,det,_,_
197,4,doren,door,NOUN,N|soort|mv|basis,Number=Plur,10,nsubj,_,_
198,5,van,van,ADP,VZ|init,_,7,case,_,_
199,6,de,de,DET,LID|bep|stan|rest,Definite=Def,7,det,_,_
200,7,eieren,ei,NOUN,N|soort|mv|basis,Number=Plur,4,nmod,_,_
201,8,waren,zijn,AUX,WW|pv|verl|mv,Number=Plur|Tense=Past|VerbForm=Fin,10,aux,_,_
202,9,levend,levend,ADJ,ADJ|vrij|basis|zonder,Degree=Pos,10,xcomp,_,_
203,10,geworden,worden,VERB,WW|vd|vrij|zonder,VerbForm=Part,0,root,_,_
204,11,en,en,CCONJ,VG|neven,_,12,cc,_,_
205,12,staken,staken,VERB,WW|pv|verl|mv,Number=Plur|Tense=Past|VerbForm=Fin,10,conj,_,_
206,13,de,de,DET,LID|bep|stan|rest,Definite=Def,14,det,_,_
207,14,kopjes,kop,NOUN,N|soort|mv|dim,Number=Plur,12,obj,_,_
208,15,uit,uit,ADP,VZ|init,_,17,case,_,_
209,16,de,de,DET,LID|bep|stan|rest,Definite=Def,17,det,_,_
210,17,schalen,schaal,NOUN,N|soort|mv|basis,Number=Plur,14,nmod,_,SpaceAfter=No
211,18,.,.,PUNCT,LET,_,10,punct,_,SpacesAfter=\n
212,1,Vlug,vlug,ADV,BW,_,2,amod,_,_
213,2,wat,wat,PRON,VNW|onbep|pron|stan|vol|3o|ev,Person=3|PronType=Ind,4,obl,_,SpaceAfter=No
214,3,",",",",PUNCT,LET,_,2,punct,_,_
215,4,vlug,vlug,ADJ,ADJ|vrij|basis|zonder,Degree=Pos,6,advmod,_,SpaceAfter=No
216,5,",",",",PUNCT,LET,_,4,punct,_,_
217,6,zeide,zeien,VERB,WW|pv|verl|ev,Number=Sing|Tense=Past|VerbForm=Fin,0,root,_,_
218,7,zij,zij,PRON,VNW|pers|pron|nomin|vol|3v|ev|fem,Case=Nom|Person=3|PronType=Prs,6,nsubj,_,SpaceAfter=No
219,8,.,.,PUNCT,LET,_,6,punct,_,SpacesAfter=\n
220,1,En,en,CCONJ,VG|neven,_,3,mark,_,_
221,2,nu,nu,ADV,BW,_,3,advmod,_,_
222,3,haastten,haastten,VERB,WW|pv|verl|mv,Number=Plur|Tense=Past|VerbForm=Fin,0,root,_,_
223,4,zich,zich,PRON,VNW|refl|pron|obl|red|3|getal,Case=Acc|Person=3|PronType=Prs|Reflex=Yes,3,expl:pv,_,_
224,5,al,al,ADV,BW,_,3,advmod,_,_
225,6,de,de,DET,LID|bep|stan|rest,Definite=Def,8,det,_,_
226,7,kleine,klein,ADJ,ADJ|prenom|basis|met-e|stan,Degree=Pos,8,amod,_,_
227,8,eendjes,eendje,NOUN,N|soort|mv|dim,Number=Plur,3,obj,_,SpaceAfter=No
228,9,",",",",PUNCT,LET,_,12,punct,_,_
229,10,wat,wat,PRON,VNW|vb|pron|stan|vol|3o|ev,Person=3|PronType=Int,12,obj,_,_
230,11,zij,zij,PRON,VNW|pers|pron|nomin|vol|3p|mv,Case=Nom|Person=3|PronType=Prs,12,nsubj,_,_
231,12,konden,konden,VERB,WW|pv|verl|mv,Number=Plur|Tense=Past|VerbForm=Fin,8,acl:relcl,_,SpaceAfter=No
232,13,.,.,PUNCT,LET,_,3,punct,_,SpacesAfter=\n
233,1,En,en,CCONJ,VG|neven,_,3,mark,_,_
234,2,zij,zij,PRON,VNW|pers|pron|nomin|vol|3p|mv,Case=Nom|Person=3|PronType=Prs,3,nsubj,_,_
235,3,kwamen,komen,VERB,WW|pv|verl|mv,Number=Plur|Tense=Past|VerbForm=Fin,0,root,_,_
236,4,uit,uit,ADP,VZ|init,_,6,case,_,_
237,5,de,de,DET,LID|bep|stan|rest,Definite=Def,6,det,_,_
238,6,eieren,ei,NOUN,N|soort|mv|basis,Number=Plur,3,obl,_,_
239,7,te,te,ADP,VZ|init,_,10,case,_,_
240,8,voorschijn,voorschijn,NOUN,N|soort|ev|basis|zijd|stan,Gender=Com|Number=Sing,7,fixed,_,_
241,9,en,en,CCONJ,VG|neven,_,7,fixed,_,_
242,10,keken,kijken,NOUN,N|soort|mv|basis,Number=Plur,6,nmod,_,_
243,11,naar,naar,ADP,VZ|init,_,13,case,_,_
244,12,alle,al,DET,VNW|onbep|det|stan|prenom|met-e|agr,_,13,det,_,_
245,13,kanten,kant,NOUN,N|soort|mv|basis,Number=Plur,3,obl,_,_
246,14,onder,onder,ADP,VZ|init,_,17,case,_,_
247,15,de,de,DET,LID|bep|stan|rest,Definite=Def,17,det,_,_
248,16,groene,groene,ADJ,ADJ|prenom|basis|met-e|stan,Degree=Pos,17,amod,_,_
249,17,bladeren,bladeren,NOUN,N|soort|mv|basis,Number=Plur,13,nmod,_,SpaceAfter=No
250,18,.,.,PUNCT,LET,_,3,punct,_,SpacesAfter=\n
251,1,En,en,CCONJ,VG|neven,_,4,mark,_,_
252,2,de,de,DET,LID|bep|stan|rest,Definite=Def,3,det,_,_
253,3,moeder,moeder,NOUN,N|soort|ev|basis|zijd|stan,Gender=Com|Number=Sing,4,obj,_,_
254,4,liet,laten,VERB,WW|pv|verl|ev,Number=Sing|Tense=Past|VerbForm=Fin,0,root,_,_
255,5,ze,ze,PRON,VNW|pers|pron|stan|red|3|mv,Person=3|PronType=Prs,4,nsubj,_,_
256,6,kijken,kijken,VERB,WW|inf|vrij|zonder,VerbForm=Inf,4,xcomp,_,SpaceAfter=No
257,7,",",",",PUNCT,LET,_,8,punct,_,_
258,8,zoveel,zoveel,ADV,TW|hoofd|vrij,_,4,advmod,_,_
259,9,als,als,SCONJ,VG|onder,_,12,mark,_,_
260,10,zij,zij,PRON,VNW|pers|pron|nomin|vol|3p|mv,Case=Nom|Person=3|PronType=Prs,12,nsubj,_,_
261,11,maar,maar,ADV,BW,_,12,advmod,_,_
262,12,wilden,willen,VERB,WW|pv|verl|mv,Number=Plur|Tense=Past|VerbForm=Fin,4,advcl,_,SpaceAfter=No
263,13,.,.,PUNCT,LET,_,4,punct,_,SpacesAfter=\n
264,1,Want,want,CCONJ,VG|neven,_,4,mark,_,_
265,2,groen,groen,ADJ,ADJ|vrij|basis|zonder,Degree=Pos,4,nsubj,_,_
266,3,is,zijn,AUX,WW|pv|tgw|ev,Number=Sing|Tense=Pres|VerbForm=Fin,4,cop,_,_
267,4,goed,goed,ADJ,ADJ|vrij|basis|zonder,Degree=Pos,0,root,_,_
268,5,voor,voor,ADP,VZ|init,_,7,case,_,_
269,6,de,de,DET,LID|bep|stan|rest,Definite=Def,7,det,_,_
270,7,ogen,oog,NOUN,N|soort|mv|basis,Number=Plur,4,obl,_,SpaceAfter=No
271,8,.,.,PUNCT,LET,_,4,punct,_,SpacesAfter=\n
272,1,Wat,wat,PRON,VNW|vb|pron|stan|vol|3o|ev,Person=3|PronType=Int,8,nsubj,_,_
273,2,is,zijn,AUX,WW|pv|tgw|ev,Number=Sing|Tense=Pres|VerbForm=Fin,1,cop,_,_
274,3,de,de,DET,LID|bep|stan|rest,Definite=Def,4,det,_,_
275,4,wereld,wereld,NOUN,N|soort|ev|basis|zijd|stan,Gender=Com|Number=Sing,1,nsubj,_,_
276,5,toch,toch,ADV,BW,_,1,advmod,_,_
277,6,groot,groot,ADJ,ADJ|vrij|basis|zonder,Degree=Pos,1,advmod,_,SpaceAfter=No
278,7,",",",",PUNCT,LET,_,1,punct,_,_
279,8,zeiden,zeggen,VERB,WW|pv|verl|mv,Number=Plur|Tense=Past|VerbForm=Fin,0,root,_,_
280,9,al,al,ADV,BW,_,8,advmod,_,_
281,10,de,de,DET,LID|bep|stan|rest,Definite=Def,11,det,_,_
282,11,jongen,jongen,NOUN,N|soort|ev|basis|zijd|stan,Gender=Com|Number=Sing,8,obj,_,SpaceAfter=No
283,12,.,.,PUNCT,LET,_,8,punct,_,SpacesAfter=\n
284,1,Want,want,CCONJ,VG|neven,_,3,mark,_,_
285,2,nu,nu,ADV,BW,_,3,advmod,_,_
286,3,hadden,hebben,VERB,WW|pv|verl|mv,Number=Plur|Tense=Past|VerbForm=Fin,0,root,_,_
287,4,zij,zij,PRON,VNW|pers|pron|nomin|vol|3v|ev|fem,Case=Nom|Person=3|PronType=Prs,3,nsubj,_,_
288,5,heel,heel,ADJ,ADJ|vrij|basis|zonder,Degree=Pos,6,advmod,_,_
289,6,wat,wat,ADV,VNW|onbep|pron|stan|vol|3o|ev,_,7,amod,_,_
290,7,meer,veel,DET,VNW|onbep|grad|stan|prenom|zonder|agr|comp,_,8,det,_,_
291,8,plaats,plaats,NOUN,N|soort|ev|basis|zijd|stan,Gender=Com|Number=Sing,3,obj,_,_
292,9,dan,dan,SCONJ,VG|onder,_,12,mark,_,_
293,10,in,in,ADP,VZ|init,_,12,case,_,_
294,11,het,het,DET,LID|bep|stan|evon,Definite=Def,12,det,_,_
295,12,ei,ei,NOUN,N|soort|ev|basis|onz|stan,Gender=Neut|Number=Sing,3,advcl,_,SpaceAfter=No
296,13,.,.,PUNCT,LET,_,3,punct,_,SpacesAfter=\n
297,1,Denk,denken,VERB,WW|pv|tgw|ev,Number=Sing|Tense=Pres|VerbForm=Fin,0,root,_,_
298,2,je,je,PRON,VNW|pers|pron|nomin|red|2v|ev,Case=Nom|Person=2|PronType=Prs,1,nsubj,_,_
299,3,dat,dat,SCONJ,VG|onder,_,7,mark,_,_
300,4,dit,dit,PRON,VNW|aanw|pron|stan|vol|3o|ev,Person=3|PronType=Dem,7,nsubj,_,_
301,5,de,de,DET,LID|bep|stan|rest,Definite=Def,7,det,_,_
302,6,hele,heel,ADJ,ADJ|prenom|basis|met-e|stan,Degree=Pos,7,amod,_,_
303,7,wereld,wereld,NOUN,N|soort|ev|basis|zijd|stan,Gender=Com|Number=Sing,1,ccomp,_,_
304,8,is,zijn,AUX,WW|pv|tgw|ev,Number=Sing|Tense=Pres|VerbForm=Fin,7,cop,_,SpaceAfter=No
305,9,?,?,PUNCT,LET,_,1,punct,_,SpacesAfter=\n
306,1,zei,zeggen,VERB,WW|pv|verl|ev,Number=Sing|Tense=Past|VerbForm=Fin,0,root,_,_
307,2,de,de,DET,LID|bep|stan|rest,Definite=Def,3,det,_,_
308,3,moeder,moeder,NOUN,N|soort|ev|basis|zijd|stan,Gender=Com|Number=Sing,1,nsubj,_,SpaceAfter=No
309,4,.,.,PUNCT,LET,_,1,punct,_,SpacesAfter=\n
310,1,Die,die,PRON,VNW|aanw|pron|stan|vol|3|getal,Person=3|PronType=Dem,2,nsubj,_,_
311,2,strekt,strekken,VERB,WW|pv|tgw|met-t,Number=Sing|Tense=Pres|VerbForm=Fin,0,root,_,_
312,3,zich,zich,PRON,VNW|refl|pron|obl|red|3|getal,Case=Acc|Person=3|PronType=Prs|Reflex=Yes,2,obj,_,_
313,4,nog,nog,ADV,BW,_,2,advmod,_,_
314,5,ver,ver,ADJ,ADJ|vrij|basis|zonder,Degree=Pos,2,advmod,_,_
315,6,aan,aan,ADP,VZ|init,_,9,case,_,_
316,7,de,de,DET,LID|bep|stan|rest,Definite=Def,9,det,_,_
317,8,anderen,ander,ADJ,ADJ|nom|basis|met-e|mv-n,Degree=Pos,9,amod,_,_
318,9,kant,kant,NOUN,N|soort|ev|basis|zijd|stan,Gender=Com|Number=Sing,2,obl,_,_
319,10,van,van,ADP,VZ|init,_,12,case,_,_
320,11,het,het,DET,LID|bep|stan|evon,Definite=Def,12,det,_,_
321,12,geboomte,geboomte,NOUN,N|soort|ev|basis|onz|stan,Gender=Neut|Number=Sing,9,nmod,_,_
322,13,uit,uit,ADP,VZ|fin,_,2,compound:prt,_,SpaceAfter=No
323,14,.,.,PUNCT,LET,_,2,punct,_,SpacesAfter=\n
324,1,Tot,tot,ADP,VZ|init,_,4,case,_,_
325,2,aan,aan,ADP,VZ|init,_,4,case,_,_
326,3,de,de,DET,LID|bep|stan|rest,Definite=Def,4,det,_,_
327,4,tuin,tuin,NOUN,N|soort|ev|basis|zijd|stan,Gender=Com|Number=Sing,0,root,_,_
328,5,van,van,ADP,VZ|init,_,7,case,_,_
329,6,de,de,DET,LID|bep|stan|rest,Definite=Def,7,det,_,_
330,7,pastoor,pastoor,NOUN,N|soort|ev|basis|zijd|stan,Gender=Com|Number=Sing,4,nmod,_,SpaceAfter=No
331,8,.,.,PUNCT,LET,_,4,punct,_,SpacesAfter=\n
332,1,Maar,maar,CCONJ,VG|neven,_,7,mark,_,_
333,2,daar,daar,ADV,VNW|aanw|adv-pron|obl|vol|3o|getal,_,7,advmod,_,_
334,3,ben,zijn,AUX,WW|pv|tgw|ev,Number=Sing|Tense=Pres|VerbForm=Fin,7,aux,_,_
335,4,ik,ik,PRON,VNW|pers|pron|nomin|vol|1|ev,Case=Nom|Person=1|PronType=Prs,7,nsubj,_,_
336,5,nog,nog,ADV,BW,_,6,advmod,_,_
337,6,nooit,nooit,ADV,BW,_,7,advmod,_,_
338,7,geweest,zijn,VERB,WW|vd|vrij|zonder,VerbForm=Part,0,root,_,SpaceAfter=No
339,8,.,.,PUNCT,LET,_,7,punct,_,SpacesAfter=\n
340,1,Je,je,PRON,VNW|pers|pron|nomin|red|2v|ev,Case=Nom|Person=2|PronType=Prs,2,nsubj,_,_
341,2,bent,zijn,AUX,WW|pv|tgw|met-t,Number=Sing|Tense=Pres|VerbForm=Fin,0,root,_,_
342,3,toch,toch,ADV,BW,_,2,advmod,_,_
343,4,allemaal,allemaal,ADV,BW,_,2,advmod,_,_
344,5,wel,wel,ADV,BW,_,2,advmod,_,_
345,6,bij,bij,ADP,VZ|init,_,7,case,_,_
346,7,elkaar,elkaar,PRON,VNW|recip|pron|obl|vol|persoon|mv,Case=Acc|PronType=Rcp,2,obl,_,SpaceAfter=No
347,8,?,?,PUNCT,LET,_,2,punct,_,SpacesAfter=\n
348,1,vervolgde,vervolgen,VERB,WW|pv|verl|ev,Number=Sing|Tense=Past|VerbForm=Fin,0,root,_,_
349,2,zij,zij,PRON,VNW|pers|pron|nomin|vol|3v|ev|fem,Case=Nom|Person=3|PronType=Prs,1,nsubj,_,_
350,3,en,en,CCONJ,VG|neven,_,4,cc,_,_
351,4,stond,staan,VERB,WW|pv|verl|ev,Number=Sing|Tense=Past|VerbForm=Fin,1,conj,_,_
352,5,op,op,ADP,VZ|fin,_,1,compound:prt,_,SpaceAfter=No
353,6,.,.,PUNCT,LET,_,1,punct,_,SpacesAfter=\n
354,1,Nee,nee,INTJ,TSW,_,4,parataxis,_,SpaceAfter=No
355,2,",",",",PUNCT,LET,_,1,punct,_,_
356,3,ik,ik,PRON,VNW|pers|pron|nomin|vol|1|ev,Case=Nom|Person=1|PronType=Prs,4,nsubj,_,_
357,4,heb,hebben,AUX,WW|pv|tgw|ev,Number=Sing|Tense=Pres|VerbForm=Fin,0,root,_,_
358,5,ze,ze,PRON,VNW|pers|pron|stan|red|3|ev|fem,Person=3|PronType=Prs,8,nsubj,_,_
359,6,nog,nog,ADV,BW,_,7,advmod,_,_
360,7,niet,niet,ADV,BW,_,8,advmod,_,_
361,8,allemaal,allemaal,ADV,BW,_,4,advmod,_,SpaceAfter=No
362,9,.,.,PUNCT,LET,_,4,punct,_,SpacesAfter=\n
363,1,Het,het,DET,LID|bep|stan|evon,Definite=Def,3,det,_,_
364,2,grootste,groot,ADJ,ADJ|prenom|sup|met-e|stan,Degree=Sup,3,amod,_,_
365,3,ei,ei,NOUN,N|soort|ev|basis|onz|stan,Gender=Neut|Number=Sing,4,nsubj,_,_
366,4,ligt,liggen,VERB,WW|pv|tgw|met-t,Number=Sing|Tense=Pres|VerbForm=Fin,0,root,_,_
367,5,daar,daar,ADV,VNW|aanw|adv-pron|obl|vol|3o|getal,_,4,obl,_,_
368,6,nog,nog,ADV,BW,_,4,advmod,_,SpaceAfter=No
369,7,.,.,PUNCT,LET,_,4,punct,_,SpacesAfter=\n
370,1,Hoe,hoe,ADV,BW,_,2,advmod,_,_
371,2,lang,lang,ADJ,ADJ|vrij|basis|zonder,Degree=Pos,7,advmod,_,_
372,3,zal,zullen,AUX,WW|pv|tgw|ev,Number=Sing|Tense=Pres|VerbForm=Fin,7,aux,_,_
373,4,het,het,PRON,VNW|pers|pron|stan|red|3|ev|onz,Person=3|PronType=Prs,7,expl,_,_
374,5,nog,nog,ADV,BW,_,7,advmod,_,_
375,6,wel,wel,ADV,BW,_,7,advmod,_,_
376,7,duren,duren,VERB,WW|inf|vrij|zonder,VerbForm=Inf,0,root,_,SpaceAfter=No
377,8,",",",",PUNCT,LET,_,11,punct,_,_
378,9,eer,eer,SCONJ,VG|onder,_,11,mark,_,_
379,10,dat,dat,PRON,VNW|aanw|pron|stan|vol|3o|ev,Person=3|PronType=Dem,11,nsubj,_,_
380,11,uitkomt,uitkomen,VERB,WW|pv|tgw|met-t,Number=Sing|Tense=Pres|VerbForm=Fin,7,advcl,_,SpaceAfter=No
381,12,?,?,PUNCT,LET,_,7,punct,_,SpacesAfter=\n
382,1,Nu,nu,ADV,BW,_,2,advmod,_,_
383,2,begint,beginnen,VERB,WW|pv|tgw|met-t,Number=Sing|Tense=Pres|VerbForm=Fin,0,root,_,_
384,3,het,het,PRON,VNW|pers|pron|stan|red|3|ev|onz,Person=3|PronType=Prs,7,obj,_,_
385,4,mij,mij,PRON,VNW|pr|pron|obl|vol|1|ev,Case=Acc|Person=1|PronType=Prs,7,iobj,_,_
386,5,haast,haast,ADV,BW,_,7,advmod,_,_
387,6,te,te,ADP,VZ|init,_,7,mark,_,_
388,7,vervelen,vervelen,VERB,WW|inf|vrij|zonder,VerbForm=Inf,2,xcomp,_,SpaceAfter=No
389,8,.,.,PUNCT,LET,_,2,punct,_,SpacesAfter=\n
390,1,En,en,CCONJ,VG|neven,_,3,mark,_,_
391,2,zij,zij,PRON,VNW|pers|pron|nomin|vol|3v|ev|fem,Case=Nom|Person=3|PronType=Prs,3,nsubj,_,_
392,3,ging,gaan,VERB,WW|pv|verl|ev,Number=Sing|Tense=Past|VerbForm=Fin,0,root,_,_
393,4,er,er,ADV,VNW|aanw|adv-pron|stan|red|3|getal,_,7,obl,_,_
394,5,weer,weer,ADV,BW,_,4,advmod,_,_
395,6,op,op,ADP,VZ|fin,_,4,case,_,_
396,7,zitten,zitten,VERB,WW|inf|vrij|zonder,VerbForm=Inf,3,xcomp,_,SpaceAfter=No
397,8,.,.,PUNCT,LET,_,3,punct,_,SpacesAfter=\n
398,1,Wel,wel,ADV,BW,_,2,advmod,_,_
399,2,zo,zo,ADV,BW,_,0,root,_,SpaceAfter=No
400,3,",",",",PUNCT,LET,_,5,punct,_,_
401,4,hoe,hoe,ADV,BW,_,5,advmod,_,_
402,5,gaat,gaan,VERB,WW|pv|tgw|met-t,Number=Sing|Tense=Pres|VerbForm=Fin,2,parataxis,_,_
403,6,het,het,PRON,VNW|pers|pron|stan|red|3|ev|onz,Person=3|PronType=Prs,5,nsubj,_,SpaceAfter=No
404,7,?,?,PUNCT,LET,_,2,punct,_,SpacesAfter=\n
405,1,vroeg,vraag,VERB,WW|pv|verl|ev,Number=Sing|Tense=Past|VerbForm=Fin,0,root,_,_
406,2,een,een,DET,LID|onbep|stan|agr,Definite=Ind,4,det,_,_
407,3,oude,oud,ADJ,ADJ|prenom|basis|met-e|stan,Degree=Pos,4,amod,_,_
408,4,eend,eend,NOUN,N|soort|ev|basis|zijd|stan,Gender=Com|Number=Sing,1,nsubj,_,SpaceAfter=No
409,5,",",",",PUNCT,LET,_,11,punct,_,_
410,6,die,die,PRON,VNW|betr|pron|stan|vol|persoon|getal,PronType=Rel,11,nsubj,_,_
411,7,haar,haar,PRON,VNW|bez|det|stan|vol|3|ev|prenom|zonder|agr,Person=3|Poss=Yes|PronType=Prs,11,iobj,_,_
412,8,eens,eens,ADV,BW,_,11,advmod,_,_
413,9,een,een,DET,LID|onbep|stan|agr,Definite=Ind,10,det,_,_
414,10,bezoek,bezoek,NOUN,N|soort|ev|basis|onz|stan,Gender=Neut|Number=Sing,8,obj,_,_
415,11,kwam,komen,VERB,WW|pv|verl|ev,Number=Sing|Tense=Past|VerbForm=Fin,4,acl:relcl,_,_
416,12,brengen,brengen,VERB,WW|inf|vrij|zonder,VerbForm=Inf,11,xcomp,_,SpaceAfter=No
417,13,.,.,PUNCT,LET,_,1,punct,_,SpacesAfter=\n
418,1,Het,het,DET,LID|bep|stan|evon,Definite=Def,2,det,_,_
419,2,duurt,duurt,NOUN,N|soort|ev|basis|onz|stan,Gender=Neut|Number=Sing,4,obl,_,_
420,3,geducht,duchten,VERB,WW|vd|vrij|zonder,VerbForm=Part,4,obl,_,_
421,4,lang,lang,ADJ,ADJ|vrij|basis|zonder,Degree=Pos,10,advmod,_,_
422,5,met,met,ADP,VZ|init,_,8,case,_,_
423,6,dat,dat,SCONJ,VG|onder,_,8,mark,_,_
424,7,ene,een,PRON,VNW|onbep|det|stan|prenom|met-e|evz,PronType=Ind,8,nsubj,_,_
425,8,ei,ei,VERB,WW|pv|verl|ev,Number=Sing|Tense=Past|VerbForm=Fin,4,advcl,_,SpaceAfter=No
426,9,",",",",PUNCT,LET,_,4,punct,_,_
427,10,zei,zeggen,VERB,WW|pv|verl|ev,Number=Sing|Tense=Past|VerbForm=Fin,0,root,_,_
428,11,de,de,DET,LID|bep|stan|rest,Definite=Def,12,det,_,_
429,12,eend,eend,NOUN,N|soort|ev|basis|zijd|stan,Gender=Com|Number=Sing,10,nsubj,_,SpaceAfter=No
430,13,",",",",PUNCT,LET,_,19,punct,_,_
431,14,die,die,PRON,VNW|betr|pron|stan|vol|persoon|getal,PronType=Rel,19,nsubj,_,_
432,15,er,er,ADV,VNW|aanw|adv-pron|stan|red|3|getal,_,19,obl,_,_
433,16,nu,nu,ADV,BW,_,15,advmod,_,_
434,17,weer,weer,ADV,BW,_,15,advmod,_,_
435,18,op,op,ADP,VZ|fin,_,15,case,_,_
436,19,zat,zitten,VERB,WW|pv|verl|ev,Number=Sing|Tense=Past|VerbForm=Fin,12,acl:relcl,_,SpaceAfter=No
437,20,.,.,PUNCT,LET,_,10,punct,_,SpacesAfter=\n
438,1,Het,het,PRON,VNW|pers|pron|stan|red|3|ev|onz,Person=3|PronType=Prs,2,nsubj,_,_
439,2,wil,willen,VERB,WW|pv|tgw|ev,Number=Sing|Tense=Pres|VerbForm=Fin,0,root,_,_
440,3,maar,maar,ADV,BW,_,5,advmod,_,_
441,4,niet,niet,ADV,BW,_,5,advmod,_,_
442,5,opengaan,opengaan,VERB,WW|inf|vrij|zonder,VerbForm=Inf,2,xcomp,_,SpaceAfter=No
443,6,.,.,PUNCT,LET,_,2,punct,_,SpacesAfter=\n
444,1,Maar,maar,CCONJ,VG|neven,_,2,mark,_,_
445,2,kijk,kijken,VERB,WW|pv|tgw|ev,Number=Sing|Tense=Pres|VerbForm=Fin,0,root,_,_
446,3,eens,eens,ADV,BW,_,2,advmod,_,_
447,4,naar,naar,ADP,VZ|init,_,6,case,_,_
448,5,de,de,DET,LID|bep|stan|rest,Definite=Def,6,det,_,_
449,6,anderen,ander,ADJ,ADJ|nom|basis|met-e|mv-n,Degree=Pos,2,obl,_,SpaceAfter=No
450,7,.,.,PUNCT,LET,_,2,punct,_,SpacesAfter=\n
451,1,Zijn,zijn,PRON,VNW|bez|det|stan|vol|3|ev|prenom|zonder|agr,Person=3|Poss=Yes|PronType=Prs,6,nmod:poss,_,_
452,2,dat,dat,PRON,VNW|aanw|pron|stan|vol|3o|ev,Person=3|PronType=Dem,6,nsubj,_,_
453,3,niet,niet,ADV,BW,_,6,advmod,_,_
454,4,de,de,DET,LID|bep|stan|rest,Definite=Def,6,det,_,_
455,5,liefste,lief,ADJ,ADJ|nom|sup|met-e|zonder-n|stan,Degree=Sup,6,amod,_,_
456,6,eendjes,eendje,NOUN,N|soort|mv|dim,Number=Plur,0,root,_,SpaceAfter=No
457,7,",",",",PUNCT,LET,_,14,punct,_,_
458,8,die,die,PRON,VNW|betr|pron|stan|vol|persoon|getal,PronType=Rel,14,nsubj:pass,_,_
459,9,je,je,PRON,VNW|pers|pron|nomin|red|2v|ev,Case=Nom|Person=2|PronType=Prs,14,nsubj,_,_
460,10,ooit,ooit,ADV,BW,_,14,advmod,_,_
461,11,van,van,ADP,VZ|init,_,13,case,_,_
462,12,je,je,PRON,VNW|bez|det|stan|red|2v|ev|prenom|zonder|agr,Person=2|Poss=Yes|PronType=Prs,13,nmod:poss,_,_
463,13,leven,leven,NOUN,N|soort|ev|basis|onz|stan,Gender=Neut|Number=Sing,14,obl,_,_
464,14,gezien,zien,VERB,WW|vd|vrij|zonder,VerbForm=Part,6,acl:relcl,_,_
465,15,hebt,hebben,AUX,WW|pv|tgw|met-t,Number=Sing|Tense=Pres|VerbForm=Fin,14,aux,_,SpaceAfter=No
466,16,?,?,PUNCT,LET,_,6,punct,_,SpacesAfter=\n
467,1,Zij,zij,PRON,VNW|pers|pron|nomin|vol|3p|mv,Case=Nom|Person=3|PronType=Prs,2,nsubj,_,_
468,2,lijken,lijken,VERB,WW|pv|tgw|mv,Number=Plur|Tense=Pres|VerbForm=Fin,0,root,_,_
469,3,allemaal,allemaal,ADV,BW,_,2,advmod,_,_
470,4,precies,precies,ADJ,ADJ|vrij|basis|zonder,Degree=Pos,2,advmod,_,_
471,5,op,op,ADP,VZ|init,_,7,case,_,_
472,6,hun,hun,PRON,VNW|bez|det|stan|vol|3|mv|prenom|zonder|agr,Person=3|Poss=Yes|PronType=Prs,7,nmod:poss,_,_
473,7,vader,vader,NOUN,N|soort|ev|basis|zijd|stan,Gender=Com|Number=Sing,2,obl,_,SpaceAfter=No
474,8,.,.,PUNCT,LET,_,2,punct,_,SpacesAfter=\n
475,1,Maar,maar,CCONJ,VG|neven,_,4,mark,_,_
476,2,die,die,PRON,VNW|betr|pron|stan|vol|persoon|getal,PronType=Rel,4,nsubj,_,_
477,3,ondeugd,ondeugd,VERB,WW|vd|vrij|zonder,VerbForm=Part,4,xcomp,_,_
478,4,komt,komen,VERB,WW|pv|tgw|met-t,Number=Sing|Tense=Pres|VerbForm=Fin,0,root,_,_
479,5,mij,mij,PRON,VNW|pr|pron|obl|vol|1|ev,Case=Acc|Person=1|PronType=Prs,4,iobj,_,_
480,6,niet,niet,ADV,BW,_,8,advmod,_,_
481,7,eens,eens,ADV,BW,_,8,advmod,_,_
482,8,bezoeken,bezoeken,VERB,WW|inf|vrij|zonder,VerbForm=Inf,4,xcomp,_,SpaceAfter=No
483,9,.,.,PUNCT,LET,_,4,punct,_,SpacesAfter=\n
484,1,Laat,laten,VERB,WW|pv|tgw|ev,Number=Sing|Tense=Pres|VerbForm=Fin,0,root,_,_
485,2,mij,mij,PRON,VNW|pr|pron|obl|vol|1|ev,Case=Acc|Person=1|PronType=Prs,1,iobj,_,_
486,3,het,het,DET,LID|bep|stan|evon,Definite=Def,4,det,_,_
487,4,ei,ei,NOUN,N|soort|ev|basis|onz|stan,Gender=Neut|Number=Sing,1,obj,_,SpaceAfter=No
488,5,",",",",PUNCT,LET,_,8,punct,_,_
489,6,dat,dat,PRON,VNW|betr|pron|stan|vol|3|ev,Person=3|PronType=Rel,8,nsubj,_,_
490,7,niet,niet,ADV,BW,_,6,advmod,_,_
491,8,wil,willen,VERB,WW|pv|tgw|ev,Number=Sing|Tense=Pres|VerbForm=Fin,1,acl:relcl,_,_
492,9,opengaan,opengaan,VERB,WW|inf|vrij|zonder,VerbForm=Inf,8,xcomp,_,SpaceAfter=No
493,10,",",",",PUNCT,LET,_,12,punct,_,_
494,11,eens,eens,ADV,BW,_,12,advmod,_,_
495,12,zien,zien,VERB,WW|inf|vrij|zonder,VerbForm=Inf,1,parataxis,_,SpaceAfter=No
496,13,",",",",PUNCT,LET,_,1,punct,_,_
497,14,zei,zeggen,VERB,WW|pv|verl|ev,Number=Sing|Tense=Past|VerbForm=Fin,1,parataxis,_,_
498,15,de,de,DET,LID|bep|stan|rest,Definite=Def,17,det,_,_
499,16,oude,oud,ADJ,ADJ|prenom|basis|met-e|stan,Degree=Pos,17,amod,_,_
500,17,eend,eend,NOUN,N|soort|ev|basis|zijd|stan,Gender=Com|Number=Sing,14,nsubj,_,SpaceAfter=No
501,18,.,.,PUNCT,LET,_,1,punct,_,SpacesAfter=\n
502,1,Geloof,Geloof,VERB,WW|pv|tgw|ev,Number=Sing|Tense=Pres|VerbForm=Fin,7,parataxis,_,_
503,2,mij,mij,PRON,VNW|pr|pron|obl|vol|1|ev,Case=Acc|Person=1|PronType=Prs,1,iobj,_,SpaceAfter=No
504,3,",",",",PUNCT,LET,_,1,punct,_,_
505,4,het,het,PRON,VNW|pers|pron|stan|red|3|ev|onz,Person=3|PronType=Prs,7,nsubj,_,_
506,5,is,zijn,AUX,WW|pv|tgw|ev,Number=Sing|Tense=Pres|VerbForm=Fin,7,cop,_,_
507,6,een,een,DET,LID|onbep|stan|agr,Definite=Ind,7,det,_,_
508,7,kalkoenenei,kalkoenenei,NOUN,N|soort|ev|basis|zijd|stan,Gender=Com|Number=Sing,0,root,_,SpaceAfter=No
509,8,.,.,PUNCT,LET,_,7,punct,_,SpacesAfter=\n
510,1,Ik,ik,PRON,VNW|pers|pron|nomin|vol|1|ev,Case=Nom|Person=1|PronType=Prs,6,nsubj,_,_
511,2,ben,zijn,AUX,WW|pv|tgw|ev,Number=Sing|Tense=Pres|VerbForm=Fin,6,aux,_,_
512,3,ook,ook,ADV,BW,_,6,advmod,_,_
513,4,eens,eens,ADV,BW,_,6,advmod,_,_
514,5,zo,zo,ADV,BW,_,6,advmod,_,_
515,6,beetgenomen,beetgenomen,VERB,WW|vd|vrij|zonder,VerbForm=Part,0,root,_,_
516,7,en,en,CCONJ,VG|neven,_,8,cc,_,_
517,8,had,hebben,VERB,WW|pv|verl|ev,Number=Sing|Tense=Past|VerbForm=Fin,6,conj,_,_
518,9,toen,toen,ADV,BW,_,8,advmod,_,_
519,10,heel,heel,ADJ,ADJ|vrij|basis|zonder,Degree=Pos,11,amod,_,_
520,11,wat,wat,DET,VNW|onbep|pron|stan|vol|3o|ev,_,12,det,_,_
521,12,werk,werk,NOUN,N|soort|ev|basis|onz|stan,Gender=Neut|Number=Sing,15,obj,_,_
522,13,met,met,ADP,VZ|init,_,15,case,_,_
523,14,mijn,mijn,PRON,VNW|bez|det|stan|vol|1|ev|prenom|zonder|agr,Person=1|Poss=Yes|PronType=Prs,15,nmod:poss,_,_
524,15,jongen,jongen,NOUN,N|soort|ev|basis|zijd|stan,Gender=Com|Number=Sing,8,obl,_,SpaceAfter=No
525,16,.,.,PUNCT,LET,_,6,punct,_,SpacesAfter=\n
526,1,Want,want,CCONJ,VG|neven,_,4,mark,_,_
527,2,zij,zij,PRON,VNW|pers|pron|nomin|vol|3p|mv,Case=Nom|Person=3|PronType=Prs,4,nsubj,_,_
528,3,waren,zijn,AUX,WW|pv|verl|mv,Number=Plur|Tense=Past|VerbForm=Fin,4,cop,_,_
529,4,bang,bang,ADJ,ADJ|vrij|basis|zonder,Degree=Pos,0,root,_,_
530,5,voor,voor,ADP,VZ|init,_,7,case,_,_
531,6,het,het,DET,LID|bep|stan|evon,Definite=Def,7,det,_,_
532,7,water,water,NOUN,N|soort|ev|basis|onz|stan,Gender=Neut|Number=Sing,4,obl,_,SpaceAfter=No
533,8,.,.,PUNCT,LET,_,4,punct,_,SpacesAfter=\n
534,1,Ik,ik,PRON,VNW|pers|pron|nomin|vol|1|ev,Case=Nom|Person=1|PronType=Prs,8,nsubj,_,_
535,2,kon,kunnen,AUX,WW|pv|verl|ev,Number=Sing|Tense=Past|VerbForm=Fin,8,aux,_,_
536,3,ze,ze,PRON,VNW|pers|pron|stan|red|3|ev|fem,Person=3|PronType=Prs,8,nsubj,_,_
537,4,er,er,ADV,VNW|aanw|adv-pron|stan|red|3|getal,_,8,obl,_,_
538,5,maar,maar,ADV,BW,_,4,advmod,_,_
539,6,niet,niet,ADV,BW,_,4,advmod,_,_
540,7,in,in,ADP,VZ|fin,_,4,case,_,_
541,8,krijgen,krijgen,VERB,WW|inf|vrij|zonder,VerbForm=Inf,0,root,_,SpaceAfter=No
542,9,.,.,PUNCT,LET,_,8,punct,_,SpacesAfter=\n
543,1,Hoe,hoe,ADV,BW,_,4,advmod,_,_
544,2,ik,ik,PRON,VNW|pers|pron|nomin|vol|1|ev,Case=Nom|Person=1|PronType=Prs,1,nsubj,_,_
545,3,ook,ook,ADV,BW,_,1,advmod,_,_
546,4,kwakte,kwken,VERB,WW|pv|verl|ev,Number=Sing|Tense=Past|VerbForm=Fin,0,root,_,SpaceAfter=No
547,5,",",",",PUNCT,LET,_,7,punct,_,_
548,6,het,het,DET,LID|bep|stan|evon,Definite=Def,7,det,_,_
549,7,hielp,hielp,NOUN,N|soort|ev|basis|onz|stan,Gender=Neut|Number=Sing,4,nsubj,_,_
550,8,mij,mij,PRON,VNW|pr|pron|obl|vol|1|ev,Case=Acc|Person=1|PronType=Prs,4,obj,_,_
551,9,niemendal,niemendal,ADV,BW,_,4,advmod,_,SpaceAfter=No
552,10,.,.,PUNCT,LET,_,4,punct,_,SpacesAfter=\n
553,1,Laat,laten,VERB,WW|pv|tgw|ev,Number=Sing|Tense=Pres|VerbForm=Fin,0,root,_,_
554,2,mij,mij,PRON,VNW|pr|pron|obl|vol|1|ev,Case=Acc|Person=1|PronType=Prs,1,iobj,_,_
555,3,het,het,DET,LID|bep|stan|evon,Definite=Def,4,det,_,_
556,4,ei,eus,NOUN,N|soort|ev|basis|onz|stan,Gender=Neut|Number=Sing,1,obj,_,_
557,5,eens,eens,ADV,BW,_,6,advmod,_,_
558,6,zien,zien,VERB,WW|inf|vrij|zonder,VerbForm=Inf,1,xcomp,_,SpaceAfter=No
559,7,.,.,PUNCT,LET,_,1,punct,_,SpacesAfter=\n
560,1,Ja,ja,INTJ,TSW,_,6,parataxis,_,SpaceAfter=No
561,2,",",",",PUNCT,LET,_,1,punct,_,_
562,3,dat,dat,PRON,VNW|aanw|pron|stan|vol|3o|ev,Person=3|PronType=Dem,6,nsubj,_,_
563,4,is,zijn,AUX,WW|pv|tgw|ev,Number=Sing|Tense=Pres|VerbForm=Fin,6,cop,_,_
564,5,een,een,DET,LID|onbep|stan|agr,Definite=Ind,6,det,_,_
565,6,kalkoenenei,kalkoenenei,NOUN,N|soort|ev|basis|zijd|stan,Gender=Com|Number=Sing,0,root,_,SpaceAfter=No
566,7,.,.,PUNCT,LET,_,6,punct,_,SpacesAfter=\n
567,1,Laat,laten,VERB,WW|pv|tgw|ev,Number=Sing|Tense=Pres|VerbForm=Fin,0,root,_,_
568,2,dat,dat,PRON,VNW|aanw|pron|stan|vol|3o|ev,Person=3|PronType=Dem,1,obj,_,_
569,3,maar,maar,ADV,BW,_,4,advmod,_,_
570,4,liggen,liggen,VERB,WW|inf|vrij|zonder,VerbForm=Inf,1,xcomp,_,SpaceAfter=No
571,5,.,.,PUNCT,LET,_,1,punct,_,SpacesAfter=\n
572,1,En,en,CCONJ,VG|neven,_,7,mark,_,_
573,2,leer,leer,SCONJ,VG|onder,_,7,mark,_,_
574,3,je,je,PRON,VNW|pers|pron|nomin|red|2v|ev,Case=Nom|Person=2|PronType=Prs,5,nmod:poss,_,_
575,4,andere,ander,ADJ,ADJ|prenom|basis|met-e|stan,Degree=Pos,5,amod,_,_
576,5,kinderen,kind,NOUN,N|soort|mv|basis,Number=Plur,7,obj,_,_
577,6,liever,liever,ADV,BW,_,7,advmod,_,_
578,7,zwemmen,zwemmen,VERB,WW|inf|vrij|zonder,VerbForm=Inf,0,root,_,SpaceAfter=No
579,8,.,.,PUNCT,LET,_,7,punct,_,SpacesAfter=\n
580,1,Ik,ik,PRON,VNW|pers|pron|nomin|vol|1|ev,Case=Nom|Person=1|PronType=Prs,9,nsubj,_,_
581,2,zal,zullen,AUX,WW|pv|tgw|ev,Number=Sing|Tense=Pres|VerbForm=Fin,9,aux,_,_
582,3,er,er,ADV,VNW|aanw|adv-pron|stan|red|3|getal,_,9,obl,_,_
583,4,toch,toch,ADV,BW,_,3,advmod,_,_
584,5,nog,nog,ADV,BW,_,3,advmod,_,_
585,6,een,een,DET,LID|onbep|stan|agr,Definite=Ind,7,det,_,_
586,7,beetje,beetje,NOUN,N|soort|ev|dim|onz|stan,Gender=Neut|Number=Sing,3,obj,_,_
587,8,op,op,ADP,VZ|init,_,3,case,_,_
588,9,blijven,blijven,VERB,WW|inf|vrij|zonder,VerbForm=Inf,0,root,_,_
589,10,zitten,zitten,VERB,WW|inf|vrij|zonder,VerbForm=Inf,9,xcomp,_,SpaceAfter=No
590,11,",",",",PUNCT,LET,_,12,punct,_,_
591,12,antwoordde,antwoorden,VERB,WW|pv|verl|ev,Number=Sing|Tense=Past|VerbForm=Fin,9,parataxis,_,_
592,13,de,de,DET,LID|bep|stan|rest,Definite=Def,14,det,_,_
593,14,eend,eend,NOUN,N|soort|ev|basis|zijd|stan,Gender=Com|Number=Sing,12,nsubj,_,SpaceAfter=No
594,15,.,.,PUNCT,LET,_,9,punct,_,SpacesAfter=\n
595,1,Ik,ik,PRON,VNW|pers|pron|nomin|vol|1|ev,Case=Nom|Person=1|PronType=Prs,9,nsubj,_,_
596,2,heb,hebben,AUX,WW|pv|tgw|ev,Number=Sing|Tense=Pres|VerbForm=Fin,9,aux,_,_
597,3,er,er,ADV,VNW|aanw|adv-pron|stan|red|3|getal,_,9,obl,_,_
598,4,nu,nu,ADV,BW,_,3,advmod,_,_
599,5,al,al,ADV,BW,_,7,advmod,_,_
600,6,zo,zo,ADV,BW,_,7,advmod,_,_
601,7,lang,lang,ADJ,ADJ|vrij|basis|zonder,Degree=Pos,4,advmod,_,_
602,8,op,op,ADP,VZ|fin,_,3,case,_,_
603,9,gezeten,zitten,VERB,WW|vd|vrij|zonder,VerbForm=Part,0,root,_,SpaceAfter=No
604,10,.,.,PUNCT,LET,_,9,punct,_,SpacesAfter=\n
605,1,En,en,CCONJ,VG|neven,_,12,mark,_,_
606,2,dus,dus,ADV,BW,_,12,advmod,_,_
607,3,kan,kunnen,AUX,WW|pv|tgw|ev,Number=Sing|Tense=Pres|VerbForm=Fin,12,aux,_,_
608,4,ik,ik,PRON,VNW|pers|pron|nomin|vol|1|ev,Case=Nom|Person=1|PronType=Prs,12,nsubj,_,_
609,5,er,er,ADV,VNW|aanw|adv-pron|stan|red|3|getal,_,12,obl,_,_
610,6,nog,nog,ADV,BW,_,7,advmod,_,_
611,7,wel,wel,ADV,BW,_,12,advmod,_,_
612,8,een,een,DET,LID|onbep|stan|agr,Definite=Ind,9,det,_,_
613,9,paar,paar,NOUN,N|soort|ev|basis|onz|stan,Gender=Neut|Number=Sing,10,nmod,_,_
614,10,dagen,dag,NOUN,N|soort|mv|basis,Number=Plur,12,obl,_,_
615,11,op,op,ADP,VZ|fin,_,10,case,_,_
616,12,zitten,zitten,VERB,WW|inf|vrij|zonder,VerbForm=Inf,0,root,_,SpaceAfter=No
617,13,.,.,PUNCT,LET,_,12,punct,_,SpacesAfter=\n
618,1,Je,je,PRON,VNW|pers|pron|nomin|red|2v|ev,Case=Nom|Person=2|PronType=Prs,5,nsubj,_,_
619,2,moet,moeten,AUX,WW|pv|tgw|ev,Number=Sing|Tense=Pres|VerbForm=Fin,5,aux,_,_
620,3,het,het,PRON,VNW|pers|pron|stan|red|3|ev|onz,Person=3|PronType=Prs,5,obj,_,_
621,4,zelf,zelf,ADV,BW,_,5,advmod,_,_
622,5,weten,weten,VERB,WW|inf|vrij|zonder,VerbForm=Inf,0,root,_,SpaceAfter=No
623,6,",",",",PUNCT,LET,_,7,punct,_,_
624,7,hernam,hernemen,VERB,WW|pv|verl|ev,Number=Sing|Tense=Past|VerbForm=Fin,5,conj,_,_
625,8,de,de,DET,LID|bep|stan|rest,Definite=Def,10,det,_,_
626,9,oude,oud,ADJ,ADJ|prenom|basis|met-e|stan,Degree=Pos,10,amod,_,_
627,10,eend,een,NOUN,N|soort|ev|basis|zijd|stan,Gender=Com|Number=Sing,7,obj,_,_
628,11,en,en,CCONJ,VG|neven,_,12,cc,_,_
629,12,ging,gaan,VERB,WW|pv|verl|ev,Number=Sing|Tense=Past|VerbForm=Fin,5,conj,_,_
630,13,weg,weg,ADV,BW,_,12,compound:prt,_,SpaceAfter=No
631,14,.,.,PUNCT,LET,_,5,punct,_,SpacesAfter=\n
632,1,Eindelijk,eindelijk,ADJ,ADJ|vrij|basis|zonder,Degree=Pos,2,advmod,_,_
633,2,ging,gaan,VERB,WW|pv|verl|ev,Number=Sing|Tense=Past|VerbForm=Fin,0,root,_,_
634,3,het,het,DET,LID|bep|stan|evon,Definite=Def,5,det,_,_
635,4,grote,groot,ADJ,ADJ|prenom|basis|met-e|stan,Degree=Pos,5,amod,_,_
636,5,ei,ei,NOUN,N|soort|ev|basis|onz|stan,Gender=Neut|Number=Sing,2,nsubj,_,_
637,6,open,open,ADJ,ADJ|vrij|basis|zonder,Degree=Pos,2,compound:prt,_,SpaceAfter=No
638,7,.,.,PUNCT,LET,_,2,punct,_,SpacesAfter=\n
639,1,Piep,Piep,NOUN,N|soort|ev|basis|onz|stan,Gender=Neut|Number=Sing,3,nsubj,_,SpaceAfter=No
640,2,",",",",PUNCT,LET,_,1,punct,_,_
641,3,piep,piepen,VERB,WW|pv|verl|ev,Number=Sing|Tense=Past|VerbForm=Fin,0,root,_,SpaceAfter=No
642,4,",",",",PUNCT,LET,_,5,punct,_,_
643,5,zei,zeggen,VERB,WW|pv|verl|ev,Number=Sing|Tense=Past|VerbForm=Fin,3,parataxis,_,_
644,6,het,het,DET,LID|bep|stan|evon,Definite=Def,7,det,_,_
645,7,jong,jong,NOUN,N|soort|ev|basis|onz|stan,Gender=Neut|Number=Sing,5,nsubj,_,SpaceAfter=No
646,8,.,.,PUNCT,LET,_,3,punct,_,SpacesAfter=\n
647,1,En,en,CCONJ,VG|neven,_,2,mark,_,_
648,2,kroop,kroop,VERB,WW|pv|verl|ev,Number=Sing|Tense=Past|VerbForm=Fin,0,root,_,_
649,3,er,er,ADV,VNW|aanw|adv-pron|stan|red|3|getal,_,2,advmod,_,_
650,4,uit,uit,ADP,VZ|fin,_,2,compound:prt,_,SpaceAfter=No
651,5,.,.,PUNCT,LET,_,2,punct,_,SpacesAfter=\n
652,1,Het,het,PRON,VNW|pers|pron|stan|red|3|ev|onz,Person=3|PronType=Prs,7,nsubj,_,_
653,2,was,zijn,AUX,WW|pv|verl|ev,Number=Sing|Tense=Past|VerbForm=Fin,7,cop,_,_
654,3,een,een,DET,LID|onbep|stan|agr,Definite=Ind,7,det,_,_
655,4,groot,groot,ADJ,ADJ|prenom|basis|zonder,Degree=Pos,7,nmod,_,_
656,5,en,en,CCONJ,VG|neven,_,6,cc,_,_
657,6,lelijk,lelijk,ADJ,ADJ|vrij|basis|zonder,Degree=Pos,4,conj,_,_
658,7,beest,beezen,VERB,WW|vd|vrij|zonder,VerbForm=Part,0,root,_,SpaceAfter=No
659,8,.,.,PUNCT,LET,_,7,punct,_,SpacesAfter=\n
660,1,De,de,DET,LID|bep|stan|rest,Definite=Def,2,det,_,_
661,2,eend,eend,NOUN,N|soort|ev|basis|zijd|stan,Gender=Com|Number=Sing,3,nsubj,_,_
662,3,bekeek,bekijken,VERB,WW|pv|verl|ev,Number=Sing|Tense=Past|VerbForm=Fin,0,root,_,_
663,4,het,het,PRON,VNW|pers|pron|stan|red|3|ev|onz,Person=3|PronType=Prs,3,obj,_,_
664,5,eens,eens,ADV,BW,_,3,advmod,_,SpaceAfter=No
665,6,.,.,PUNCT,LET,_,3,punct,_,SpacesAfter=\n
666,1,Wat,wat,PRON,VNW|vb|pron|stan|vol|3o|ev,Person=3|PronType=Int,9,parataxis,_,_
667,2,is,zijn,AUX,WW|pv|tgw|ev,Number=Sing|Tense=Pres|VerbForm=Fin,1,cop,_,_
668,3,dat,dat,SCONJ,VG|onder,_,7,mark,_,_
669,4,een,een,DET,LID|onbep|stan|agr,Definite=Ind,7,det,_,_
670,5,verschrikkelijk,verschrikkelijk,ADJ,ADJ|vrij|basis|zonder,Degree=Pos,6,advmod,_,_
671,6,groot,groot,ADJ,ADJ|prenom|basis|zonder,Degree=Pos,7,amod,_,_
672,7,eendje,eendje,NOUN,N|soort|ev|dim|onz|stan,Gender=Neut|Number=Sing,1,nsubj,_,SpaceAfter=No
673,8,",",",",PUNCT,LET,_,1,punct,_,_
674,9,dacht,denken,VERB,WW|pv|verl|ev,Number=Sing|Tense=Past|VerbForm=Fin,0,root,_,_
675,10,zij,zij,PRON,VNW|pers|pron|nomin|vol|3v|ev|fem,Case=Nom|Person=3|PronType=Prs,9,nsubj,_,SpaceAfter=No
676,11,.,.,PUNCT,LET,_,9,punct,_,SpacesAfter=\n
677,1,Geen,geen,PRON,VNW|onbep|det|stan|prenom|zonder|agr,PronType=Ind,5,nsubj,_,_
678,2,van,van,ADP,VZ|init,_,4,case,_,_
679,3,de,de,DET,LID|bep|stan|rest,Definite=Def,4,det,_,_
680,4,anderen,ander,ADJ,ADJ|nom|basis|met-e|mv-n,Degree=Pos,1,nmod,_,_
681,5,ziet,zien,VERB,WW|pv|tgw|met-t,Number=Sing|Tense=Pres|VerbForm=Fin,0,root,_,_
682,6,er,er,ADV,VNW|aanw|adv-pron|stan|red|3|getal,_,5,obl,_,_
683,7,zo,zo,ADV,BW,_,5,advmod,_,_
684,8,uit,uit,ADP,VZ|fin,_,5,compound:prt,_,SpaceAfter=No
685,9,.,.,PUNCT,LET,_,5,punct,_,SpacesAfter=\n
686,1,Zou,zullen,AUX,WW|pv|verl|ev,Number=Sing|Tense=Past|VerbForm=Fin,6,aux,_,_
687,2,het,het,PRON,VNW|pers|pron|stan|red|3|ev|onz,Person=3|PronType=Prs,6,nsubj,_,_
688,3,misschien,misschien,ADV,BW,_,6,advmod,_,_
689,4,een,een,DET,LID|onbep|stan|agr,Definite=Ind,5,det,_,_
690,5,kalkoenskuikentje,kalkoenskuiken,NOUN,N|soort|ev|dim|onz|stan,Gender=Neut|Number=Sing,6,nsubj,_,_
691,6,zijn,zijn,VERB,WW|pv|tgw|mv,Number=Plur|Tense=Pres|VerbForm=Fin,0,root,_,SpaceAfter=No
692,7,?,?,PUNCT,LET,_,6,punct,_,SpacesAfter=\n
693,1,Nu,nu,ADV,BW,_,9,parataxis,_,SpaceAfter=No
694,2,",",",",PUNCT,LET,_,1,punct,_,_
695,3,daar,daar,ADV,VNW|aanw|adv-pron|obl|vol|3o|getal,_,9,obl,_,_
696,4,zullen,zullen,AUX,WW|pv|tgw|mv,Number=Plur|Tense=Pres|VerbForm=Fin,9,aux,_,_
697,5,we,we,PRON,VNW|pers|pron|nomin|red|1|mv,Case=Nom|Person=1|PronType=Prs,9,nsubj,_,_
698,6,wel,wel,ADV,BW,_,9,advmod,_,_
699,7,gauw,gauw,ADJ,ADJ|vrij|basis|zonder,Degree=Pos,9,advmod,_,_
700,8,achter,achter,ADP,VZ|fin,_,7,case,_,_
701,9,komen,komen,VERB,WW|inf|vrij|zonder,VerbForm=Inf,0,root,_,SpaceAfter=No
702,10,.,.,PUNCT,LET,_,9,punct,_,SpacesAfter=\n
703,1,In,in,ADP,VZ|init,_,3,case,_,_
704,2,het,het,DET,LID|bep|stan|evon,Definite=Def,3,det,_,_
705,3,water,water,NOUN,N|soort|ev|basis|onz|stan,Gender=Neut|Number=Sing,14,obl,_,_
706,4,moet,moeten,AUX,WW|pv|tgw|ev,Number=Sing|Tense=Pres|VerbForm=Fin,14,aux,_,_
707,5,het,het,PRON,VNW|pers|pron|stan|red|3|ev|onz,Person=3|PronType=Prs,14,obj,_,SpaceAfter=No
708,6,",",",",PUNCT,LET,_,5,punct,_,_
709,7,al,al,ADV,BW,_,14,advmod,_,_
710,8,zou,zullen,AUX,WW|pv|verl|ev,Number=Sing|Tense=Past|VerbForm=Fin,14,aux,_,_
711,9,ik,ik,PRON,VNW|pers|pron|nomin|vol|1|ev,Case=Nom|Person=1|PronType=Prs,14,nsubj,_,_
712,10,het,het,PRON,VNW|pers|pron|stan|red|3|ev|onz,Person=3|PronType=Prs,14,obj,_,_
713,11,er,er,ADV,VNW|aanw|adv-pron|stan|red|3|getal,_,10,expl,_,_
714,12,ook,ook,ADV,BW,_,14,advmod,_,_
715,13,zelf,zelf,ADV,BW,_,14,advmod,_,_
716,14,induwen,induwen,VERB,WW|vd|vrij|zonder,VerbForm=Part,0,root,_,SpaceAfter=No
717,15,.,.,PUNCT,LET,_,14,punct,_,SpacesAfter=\n
718,1,De,de,DET,LID|bep|stan|rest,Definite=Def,3,det,_,_
719,2,volgende,volgen,VERB,WW|od|prenom|met-e,VerbForm=Part,3,amod,_,_
720,3,dag,dag,NOUN,N|soort|ev|basis|zijd|stan,Gender=Com|Number=Sing,7,obl,_,_
721,4,was,zijn,AUX,WW|pv|verl|ev,Number=Sing|Tense=Past|VerbForm=Fin,7,cop,_,_
722,5,het,het,PRON,VNW|pers|pron|stan|red|3|ev|onz,Person=3|PronType=Prs,7,nsubj,_,_
723,6,mooi,mooi,ADJ,ADJ|vrij|basis|zonder,Degree=Pos,7,advmod,_,_
724,7,heerlijk,heerlijk,ADJ,ADJ|vrij|basis|zonder,Degree=Pos,0,root,_,_
725,8,weer,weer,ADV,BW,_,7,advmod,_,SpaceAfter=No
726,9,.,.,PUNCT,LET,_,7,punct,_,SpacesAfter=\n
727,1,De,de,DET,LID|bep|stan|rest,Definite=Def,2,det,_,_
728,2,zon,zon,NOUN,N|soort|ev|basis|zijd|stan,Gender=Com|Number=Sing,3,nsubj,_,_
729,3,scheen,schijnen,VERB,WW|pv|verl|ev,Number=Sing|Tense=Past|VerbForm=Fin,0,root,_,_
730,4,op,op,ADP,VZ|init,_,7,case,_,_
731,5,alle,al,DET,VNW|onbep|det|stan|prenom|met-e|agr,_,7,det,_,_
732,6,groene,groene,ADJ,ADJ|prenom|basis|met-e|stan,Degree=Pos,7,amod,_,_
733,7,bladeren,bladeren,NOUN,N|soort|mv|basis,Number=Plur,3,obl,_,SpaceAfter=No
734,8,.,.,PUNCT,LET,_,3,punct,_,SpacesAfter=\n
735,1,De,de,DET,LID|bep|stan|rest,Definite=Def,2,det,_,_
736,2,moeder,moeder,NOUN,N|soort|ev|basis|zijd|stan,Gender=Com|Number=Sing,5,nsubj,_,_
737,3,der,de,DET,LID|bep|gen|rest3,Definite=Def,4,det,_,_
738,4,eendjes,eendje,NOUN,N|soort|mv|dim,Number=Plur,2,nmod,_,_
739,5,ging,gaan,VERB,WW|pv|verl|ev,Number=Sing|Tense=Past|VerbForm=Fin,0,root,_,_
740,6,met,met,ADP,VZ|init,_,9,case,_,_
741,7,haar,haar,PRON,VNW|bez|det|stan|vol|3|ev|prenom|zonder|agr,Person=3|Poss=Yes|PronType=Prs,9,nmod:poss,_,_
742,8,hele,heel,ADJ,ADJ|prenom|basis|met-e|stan,Degree=Pos,9,amod,_,_
743,9,familie,familie,NOUN,N|soort|ev|basis|zijd|stan,Gender=Com|Number=Sing,5,obl,_,_
744,10,naar,naar,ADP,VZ|init,_,12,case,_,_
745,11,de,de,DET,LID|bep|stan|rest,Definite=Def,12,det,_,_
746,12,gracht,gracht,NOUN,N|soort|ev|basis|zijd|stan,Gender=Com|Number=Sing,5,fixed,_,_
747,13,toe,toe,ADP,VZ|fin,_,5,compound:prt,_,SpaceAfter=No
748,14,.,.,PUNCT,LET,_,5,punct,_,SpacesAfter=\n
749,1,Plof,Plof,CCONJ,VG|neven,_,4,cc,_,SpaceAfter=No
750,2,.,.,PUNCT,LET,_,1,punct,_,SpacesAfter=\n
751,3,Daar,daar,ADV,VNW|aanw|adv-pron|obl|vol|3o|getal,_,4,obl,_,_
752,4,sprong,springen,VERB,WW|pv|verl|ev,Number=Sing|Tense=Past|VerbForm=Fin,0,root,_,_
753,5,zij,zij,PRON,VNW|pers|pron|nomin|vol|3v|ev|fem,Case=Nom|Person=3|PronType=Prs,4,nsubj,_,_
754,6,in,in,ADP,VZ|init,_,8,case,_,_
755,7,het,het,DET,LID|bep|stan|evon,Definite=Def,8,det,_,_
756,8,water,water,NOUN,N|soort|ev|basis|onz|stan,Gender=Neut|Number=Sing,4,obl,_,SpaceAfter=No
757,9,.,.,PUNCT,LET,_,4,punct,_,SpacesAfter=\n
758,1,Kwak,Kwak,NOUN,N|soort|ev|basis|onz|stan,Gender=Neut|Number=Sing,5,parataxis,_,SpaceAfter=No
759,2,",",",",PUNCT,LET,_,3,punct,_,_
760,3,kwak,kwak,VERB,WW|pv|verl|ev,Number=Sing|Tense=Past|VerbForm=Fin,1,conj,_,SpaceAfter=No
761,4,",",",",PUNCT,LET,_,1,punct,_,_
762,5,zeide,zeien,VERB,WW|pv|verl|ev,Number=Sing|Tense=Past|VerbForm=Fin,0,root,_,_
763,6,zij,zij,PRON,VNW|pers|pron|nomin|vol|3v|ev|fem,Case=Nom|Person=3|PronType=Prs,5,nsubj,_,SpaceAfter=No
764,7,.,.,PUNCT,LET,_,5,punct,_,SpacesAfter=\n
765,1,En,en,CCONJ,VG|neven,_,8,mark,_,_
766,2,het,het,DET,LID|bep|stan|evon,Definite=Def,4,det,_,_
767,3,ene,een,PRON,VNW|onbep|det|stan|prenom|met-e|evz,PronType=Ind,4,nmod,_,_
768,4,eendje,eendje,NOUN,N|soort|ev|dim|onz|stan,Gender=Neut|Number=Sing,8,nsubj,_,_
769,5,na,na,ADP,VZ|init,_,7,case,_,_
770,6,het,het,DET,LID|bep|stan|evon,Definite=Def,7,det,_,_
771,7,andere,ander,ADJ,ADJ|nom|basis|met-e|zonder-n|stan,Degree=Pos,4,nmod,_,_
772,8,plofte,plofte,VERB,WW|pv|verl|ev,Number=Sing|Tense=Past|VerbForm=Fin,0,root,_,_
773,9,er,er,ADV,VNW|aanw|adv-pron|stan|red|3|getal,_,8,advmod,_,_
774,10,nu,nu,ADV,BW,_,8,advmod,_,_
775,11,ook,ook,ADV,BW,_,8,advmod,_,_
776,12,in,in,ADP,VZ|fin,_,8,compound:prt,_,SpaceAfter=No
777,13,.,.,PUNCT,LET,_,8,punct,_,SpacesAfter=\n
778,1,Het,het,DET,LID|bep|stan|evon,Definite=Def,2,det,_,_
779,2,water,water,NOUN,N|soort|ev|basis|onz|stan,Gender=Neut|Number=Sing,3,nsubj,_,_
780,3,spatte,spatten,VERB,WW|pv|verl|ev,Number=Sing|Tense=Past|VerbForm=Fin,0,root,_,_
781,4,hun,hun,PRON,VNW|pers|pron|obl|vol|3p|mv,Case=Acc|Person=3|PronType=Prs,3,iobj,_,_
782,5,om,om,ADP,VZ|init,_,7,case,_,_
783,6,de,de,DET,LID|bep|stan|rest,Definite=Def,7,det,_,_
784,7,kop,kop,NOUN,N|soort|ev|basis|zijd|stan,Gender=Com|Number=Sing,3,obl,_,SpaceAfter=No
785,8,.,.,PUNCT,LET,_,3,punct,_,SpacesAfter=\n
786,1,En,en,CCONJ,VG|neven,_,3,mark,_,_
787,2,zij,zij,PRON,VNW|pers|pron|nomin|vol|3p|mv,Case=Nom|Person=3|PronType=Prs,3,nsubj,_,_
788,3,doken,duiken,VERB,WW|pv|verl|mv,Number=Plur|Tense=Past|VerbForm=Fin,0,root,_,_
789,4,even,even,ADV,BW,_,3,advmod,_,_
790,5,onder,onder,ADP,VZ|fin,_,3,compound:prt,_,SpaceAfter=No
791,6,",",",",PUNCT,LET,_,8,punct,_,_
792,7,maar,maar,CCONJ,VG|neven,_,8,cc,_,_
793,8,kwamen,komen,VERB,WW|pv|verl|mv,Number=Plur|Tense=Past|VerbForm=Fin,3,conj,_,_
794,9,al,al,ADV,BW,_,8,advmod,_,_
795,10,spoedig,spoedig,ADJ,ADJ|vrij|basis|zonder,Degree=Pos,8,advmod,_,_
796,11,weer,weer,ADV,BW,_,8,advmod,_,_
797,12,boven,boven,ADP,VZ|fin,_,8,compound:prt,_,_
798,13,en,en,CCONJ,VG|neven,_,15,cc,_,_
799,14,zwommen,zwommen,ADV,BW,_,15,advmod,_,_
800,15,uitmuntend,uitmunten,ADJ,ADJ|vrij|basis|zonder,Degree=Pos,8,conj,_,SpaceAfter=No
801,16,.,.,PUNCT,LET,_,3,punct,_,SpacesAfter=\n
802,1,Hun,hun,PRON,VNW|bez|det|stan|vol|3|mv|prenom|zonder|agr,Person=3|Poss=Yes|PronType=Prs,2,nmod:poss,_,_
803,2,poten,poot,NOUN,N|soort|mv|basis,Number=Plur,3,nsubj,_,_
804,3,gingen,gaan,VERB,WW|pv|verl|mv,Number=Plur|Tense=Past|VerbForm=Fin,0,root,_,_
805,4,van,van,ADP,VZ|init,_,5,case,_,_
806,5,zelf,zelf,ADV,BW,_,3,amod,_,_
807,6,en,en,CCONJ,VG|neven,_,7,cc,_,_
808,7,allen,al,PRON,VNW|onbep|det|stan|nom|met-e|mv-n,PronType=Ind,5,conj,_,_
809,8,waren,zijn,AUX,WW|pv|verl|mv,Number=Plur|Tense=Past|VerbForm=Fin,3,cop,_,_
810,9,zij,zij,PRON,VNW|pers|pron|nomin|vol|3p|mv,Case=Nom|Person=3|PronType=Prs,3,nsubj,_,_
811,10,in,in,ADP,VZ|init,_,12,case,_,_
812,11,het,het,DET,LID|bep|stan|evon,Definite=Def,12,det,_,_
813,12,water,water,NOUN,N|soort|ev|basis|onz|stan,Gender=Neut|Number=Sing,3,obl,_,SpaceAfter=No
814,13,.,.,PUNCT,LET,_,3,punct,_,SpacesAfter=\n
815,1,Zelfs,zelfs,ADV,BW,_,5,amod,_,_
816,2,het,het,DET,LID|bep|stan|evon,Definite=Def,5,det,_,_
817,3,lelijke,lelijk,ADJ,ADJ|prenom|basis|met-e|stan,Degree=Pos,5,amod,_,_
818,4,grauwe,grauw,ADJ,ADJ|prenom|basis|met-e|stan,Degree=Pos,5,amod,_,_
819,5,eendje,eendje,NOUN,N|soort|ev|dim|onz|stan,Gender=Neut|Number=Sing,6,nsubj,_,_
820,6,zwom,zwimmen,VERB,WW|pv|verl|ev,Number=Sing|Tense=Past|VerbForm=Fin,0,root,_,_
821,7,mee,mee,ADP,VZ|fin,_,6,compound:prt,_,SpaceAfter=No
822,8,.,.,PUNCT,LET,_,6,punct,_,SpacesAfter=\n
823,1,Nee,nee,INTJ,TSW,_,6,parataxis,_,SpaceAfter=No
824,2,",",",",PUNCT,LET,_,1,punct,_,_
825,3,het,het,PRON,VNW|pers|pron|stan|red|3|ev|onz,Person=3|PronType=Prs,6,nsubj,_,_
826,4,is,zijn,AUX,WW|pv|tgw|ev,Number=Sing|Tense=Pres|VerbForm=Fin,6,cop,_,_
827,5,geen,geen,DET,VNW|onbep|det|stan|prenom|zonder|agr,_,6,det,_,_
828,6,kalkoen,kalkoen,NOUN,N|soort|ev|basis|onz|stan,Gender=Neut|Number=Sing,8,parataxis,_,SpaceAfter=No
829,7,",",",",PUNCT,LET,_,6,punct,_,_
830,8,dacht,denken,VERB,WW|pv|verl|ev,Number=Sing|Tense=Past|VerbForm=Fin,0,root,_,_
831,9,de,de,DET,LID|bep|stan|rest,Definite=Def,11,det,_,_
832,10,oude,oud,ADJ,ADJ|prenom|basis|met-e|stan,Degree=Pos,11,amod,_,_
833,11,eend,eend,NOUN,N|soort|ev|basis|zijd|stan,Gender=Com|Number=Sing,8,obj,_,SpaceAfter=No
834,12,.,.,PUNCT,LET,_,8,punct,_,SpacesAfter=\n
835,1,Kijk,kijken,VERB,WW|pv|tgw|ev,Number=Sing|Tense=Pres|VerbForm=Fin,5,parataxis,_,_
836,2,eens,eens,ADV,BW,_,1,advmod,_,SpaceAfter=No
837,3,",",",",PUNCT,LET,_,1,punct,_,_
838,4,hoe,hoe,ADV,BW,_,5,advmod,_,_
839,5,ferm,ferm,ADJ,ADJ|vrij|basis|zonder,Degree=Pos,6,advmod,_,_
840,6,hij,hij,PRON,VNW|pers|pron|nomin|vol|3|ev|masc,Case=Nom|Person=3|PronType=Prs,10,nsubj,_,_
841,7,met,met,ADP,VZ|init,_,9,case,_,_
842,8,zijn,zijn,PRON,VNW|bez|det|stan|vol|3|ev|prenom|zonder|agr,Person=3|Poss=Yes|PronType=Prs,9,nmod:poss,_,_
843,9,poten,poot,NOUN,N|soort|mv|basis,Number=Plur,10,obl,_,_
844,10,slaat,slaan,VERB,WW|pv|tgw|met-t,Number=Sing|Tense=Pres|VerbForm=Fin,0,root,_,SpaceAfter=No
845,11,.,.,PUNCT,LET,_,10,punct,_,SpacesAfter=\n
846,1,En,en,CCONJ,VG|neven,_,6,mark,_,_
847,2,hoe,hoe,ADV,BW,_,3,advmod,_,_
848,3,recht,recht,ADJ,ADJ|vrij|basis|zonder,Degree=Pos,6,amod,_,_
849,4,hij,hij,PRON,VNW|pers|pron|nomin|vol|3|ev|masc,Case=Nom|Person=3|PronType=Prs,6,nsubj,_,_
850,5,zich,zich,PRON,VNW|refl|pron|obl|red|3|getal,Case=Acc|Person=3|PronType=Prs|Reflex=Yes,4,obj,_,_
851,6,weet,weten,VERB,WW|pv|tgw|ev,Number=Sing|Tense=Pres|VerbForm=Fin,0,root,_,_
852,7,te,te,ADP,VZ|init,_,8,mark,_,_
853,8,houden,houden,VERB,WW|inf|vrij|zonder,VerbForm=Inf,6,xcomp,_,SpaceAfter=No
854,9,.,.,PUNCT,LET,_,6,punct,_,SpacesAfter=\n
855,1,Het,het,PRON,VNW|pers|pron|stan|red|3|ev|onz,Person=3|PronType=Prs,5,nsubj,_,_
856,2,is,zijn,AUX,WW|pv|tgw|ev,Number=Sing|Tense=Pres|VerbForm=Fin,5,cop,_,_
857,3,mijn,mijn,PRON,VNW|bez|det|stan|vol|1|ev|prenom|zonder|agr,Person=1|Poss=Yes|PronType=Prs,5,nmod:poss,_,_
858,4,eigen,eigen,ADJ,ADJ|prenom|basis|zonder,Degree=Pos,5,amod,_,_
859,5,kind,kind,NOUN,N|soort|ev|basis|onz|stan,Gender=Neut|Number=Sing,0,root,_,SpaceAfter=No
860,6,.,.,PUNCT,LET,_,5,punct,_,SpacesAfter=\n
861,1,Eigenlijk,eigenlijk,ADJ,ADJ|vrij|basis|zonder,Degree=Pos,7,advmod,_,_
862,2,is,zijn,AUX,WW|pv|tgw|ev,Number=Sing|Tense=Pres|VerbForm=Fin,7,cop,_,_
863,3,hij,hij,PRON,VNW|pers|pron|nomin|vol|3|ev|masc,Case=Nom|Person=3|PronType=Prs,7,nsubj,_,_
864,4,toch,toch,ADV,BW,_,7,advmod,_,_
865,5,nog,nog,ADV,BW,_,7,advmod,_,_
866,6,zo,zo,ADV,BW,_,7,advmod,_,_
867,7,lelijk,lelijk,ADJ,ADJ|vrij|basis|zonder,Degree=Pos,0,root,_,_
868,8,niet,niet,ADV,BW,_,7,advmod,_,SpaceAfter=No
869,9,",",",",PUNCT,LET,_,16,punct,_,_
870,10,als,als,SCONJ,VG|onder,_,16,mark,_,_
871,11,men,men,PRON,VNW|pers|pron|nomin|red|3p|ev|masc,Case=Nom|Person=3|PronType=Prs,16,nsubj,_,_
872,12,hem,hem,PRON,VNW|pers|pron|obl|vol|3|ev|masc,Case=Acc|Person=3|PronType=Prs,16,obj,_,_
873,13,maar,maar,ADV,BW,_,16,advmod,_,_
874,14,eens,eens,ADV,BW,_,16,advmod,_,_
875,15,goed,goed,ADJ,ADJ|vrij|basis|zonder,Degree=Pos,16,advmod,_,_
876,16,bekijkt,bekijken,VERB,WW|vd|vrij|zonder,VerbForm=Part,7,advcl,_,SpaceAfter=No
877,17,.,.,PUNCT,LET,_,7,punct,_,SpacesAfter=\n
878,1,Kwak,Kwakken,PROPN,N|eigen|ev|basis|zijd|stan,Gender=Com|Number=Sing,0,root,_,SpaceAfter=No
879,2,.,.,PUNCT,LET,_,1,punct,_,SpacesAfter=\n
880,1,Kwak,Kwakken,PROPN,N|eigen|ev|basis|zijd|stan,Gender=Com|Number=Sing,0,root,_,SpaceAfter=No
881,2,.,.,PUNCT,LET,_,1,punct,_,SpacesAfter=\n
882,1,Gaat,gaan,VERB,WW|pv|tgw|met-t,Number=Sing|Tense=Pres|VerbForm=Fin,15,parataxis,_,_
883,2,maar,maar,ADV,BW,_,1,advmod,_,_
884,3,met,met,ADP,VZ|init,_,4,case,_,_
885,4,mij,mij,PRON,VNW|pr|pron|obl|vol|1|ev,Case=Acc|Person=1|PronType=Prs,1,obl,_,_
886,5,mee,mee,ADP,VZ|fin,_,1,compound:prt,_,SpaceAfter=No
887,6,",",",",PUNCT,LET,_,1,punct,_,_
888,7,dan,dan,ADV,BW,_,15,advmod,_,_
889,8,zal,zullen,AUX,WW|pv|tgw|ev,Number=Sing|Tense=Pres|VerbForm=Fin,15,aux,_,_
890,9,ik,ik,PRON,VNW|pers|pron|nomin|vol|1|ev,Case=Nom|Person=1|PronType=Prs,15,nsubj,_,_
891,10,je,je,PRON,VNW|pr|pron|obl|red|2v|getal,Case=Acc|Person=2|PronType=Prs,15,obj,_,_
892,11,in,in,ADP,VZ|init,_,14,case,_,_
893,12,de,de,DET,LID|bep|stan|rest,Definite=Def,14,det,_,_
894,13,grote,groot,ADJ,ADJ|prenom|basis|met-e|stan,Degree=Pos,14,amod,_,_
895,14,wereld,wereld,NOUN,N|soort|ev|basis|zijd|stan,Gender=Com|Number=Sing,15,obl,_,_
896,15,brengen,brengen,VERB,WW|inf|vrij|zonder,VerbForm=Inf,0,root,_,_
897,16,en,en,CCONJ,VG|neven,_,21,cc,_,_
898,17,je,je,PRON,VNW|pers|pron|nomin|red|2v|ev,Case=Nom|Person=2|PronType=Prs,21,nsubj,_,_
899,18,in,in,ADP,VZ|init,_,20,case,_,_
900,19,de,de,DET,LID|bep|stan|rest,Definite=Def,20,det,_,_
901,20,eendenkooi,eendenkooi,NOUN,N|soort|ev|basis|zijd|stan,Gender=Com|Number=Sing,21,obl,_,_
902,21,voorstellen,voorstel,VERB,WW|inf|vrij|zonder,VerbForm=Inf,15,conj,_,SpaceAfter=No
903,22,.,.,PUNCT,LET,_,15,punct,_,SpacesAfter=\n
904,1,Maar,maar,CCONJ,VG|neven,_,2,mark,_,_
905,2,zorgt,zorgen,VERB,WW|pv|tgw|met-t,Number=Sing|Tense=Pres|VerbForm=Fin,0,root,_,_
906,3,dat,dat,SCONJ,VG|onder,_,9,mark,_,_
907,4,je,je,PRON,VNW|pers|pron|nomin|red|2v|ev,Case=Nom|Person=2|PronType=Prs,9,nsubj,_,_
908,5,dicht,dicht,ADJ,ADJ|vrij|basis|zonder,Degree=Pos,9,advmod,_,_
909,6,in,in,ADP,VZ|init,_,8,case,_,_
910,7,mijn,mijn,PRON,VNW|bez|det|stan|vol|1|ev|prenom|zonder|agr,Person=1|Poss=Yes|PronType=Prs,8,nmod:poss,_,_
911,8,nabijheid,nabijheid,NOUN,N|soort|ev|basis|zijd|stan,Gender=Com|Number=Sing,9,obl,_,_
912,9,blijft,blijven,VERB,WW|pv|tgw|met-t,Number=Sing|Tense=Pres|VerbForm=Fin,2,ccomp,_,SpaceAfter=No
913,10,.,.,PUNCT,LET,_,2,punct,_,SpacesAfter=\n
914,1,En,en,CCONJ,VG|neven,_,2,mark,_,_
915,2,neemt,nemen,VERB,WW|pv|tgw|met-t,Number=Sing|Tense=Pres|VerbForm=Fin,0,root,_,_
916,3,je,je,PRON,VNW|pers|pron|nomin|red|2v|ev,Case=Nom|Person=2|PronType=Prs,2,nsubj,_,_
917,4,voor,voor,ADP,VZ|init,_,6,case,_,_
918,5,de,de,DET,LID|bep|stan|rest,Definite=Def,6,det,_,_
919,6,kat,kat,NOUN,N|soort|ev|basis|zijd|stan,Gender=Com|Number=Sing,2,obl,_,_
920,7,in,in,ADP,VZ|init,_,8,case,_,_
921,8,acht,acht,NUM,TW|hoofd|vrij,_,2,obl,_,SpaceAfter=No
922,9,.,.,PUNCT,LET,_,2,punct,_,SpacesAfter=\n
923,1,En,en,CCONJ,VG|neven,_,3,mark,_,_
924,2,zo,zo,ADV,BW,_,3,advmod,_,_
925,3,begaven,begeven,VERB,WW|pv|verl|mv,Number=Plur|Tense=Past|VerbForm=Fin,0,root,_,_
926,4,zij,zij,PRON,VNW|pers|pron|nomin|vol|3p|mv,Case=Nom|Person=3|PronType=Prs,3,nsubj,_,_
927,5,zich,zich,PRON,VNW|refl|pron|obl|red|3|getal,Case=Acc|Person=3|PronType=Prs|Reflex=Yes,3,obj,_,_
928,6,naar,naar,ADP,VZ|init,_,8,case,_,_
929,7,de,de,DET,LID|bep|stan|rest,Definite=Def,8,det,_,_
930,8,eendenkooi,eendenkooi,NOUN,N|soort|ev|basis|zijd|stan,Gender=Com|Number=Sing,3,obl,_,SpaceAfter=No
931,9,.,.,PUNCT,LET,_,3,punct,_,SpacesAfter=\n
932,1,Daarbinnen,Daarbinnen,ADJ,ADJ|vrij|basis|zonder,Degree=Pos,5,nsubj,_,_
933,2,was,zijn,AUX,WW|pv|verl|ev,Number=Sing|Tense=Past|VerbForm=Fin,5,cop,_,_
934,3,een,een,DET,LID|onbep|stan|agr,Definite=Ind,5,det,_,_
935,4,verschrikkelijk,verschrikkelijk,ADJ,ADJ|prenom|basis|zonder,Degree=Pos,5,amod,_,_
936,5,rumoer,rumoer,NOUN,N|soort|ev|basis|onz|stan,Gender=Neut|Number=Sing,0,root,_,SpaceAfter=No
937,6,.,.,PUNCT,LET,_,5,punct,_,SpacesAfter=\n
938,1,Want,want,CCONJ,VG|neven,_,3,mark,_,_
939,2,daar,daar,ADV,VNW|aanw|adv-pron|obl|vol|3o|getal,_,3,advmod,_,_
940,3,waren,zijn,VERB,WW|pv|verl|mv,Number=Plur|Tense=Past|VerbForm=Fin,0,root,_,_
941,4,twee,twee,NUM,TW|hoofd|prenom|stan,_,5,nummod,_,_
942,5,families,familie,NOUN,N|soort|mv|basis,Number=Plur,3,nsubj,_,SpaceAfter=No
943,6,",",",",PUNCT,LET,_,14,punct,_,_
944,7,die,die,PRON,VNW|betr|pron|stan|vol|persoon|getal,PronType=Rel,14,nsubj,_,_
945,8,elkaar,elkaar,PRON,VNW|recip|pron|obl|vol|persoon|mv,Case=Acc|PronType=Rcp,14,iobj,_,_
946,9,het,het,DET,LID|bep|stan|evon,Definite=Def,10,det,_,_
947,10,bezit,bezit,NOUN,N|soort|ev|basis|onz|stan,Gender=Neut|Number=Sing,14,obj,_,_
948,11,van,van,ADP,VZ|init,_,13,case,_,_
949,12,een,een,DET,LID|onbep|stan|agr,Definite=Ind,13,det,_,_
950,13,palingkop,palingkop,NOUN,N|soort|ev|basis|zijd|stan,Gender=Com|Number=Sing,10,nmod,_,_
951,14,betwistten,betwisten,VERB,WW|inf|vrij|zonder,VerbForm=Inf,5,acl:relcl,_,SpaceAfter=No
952,15,.,.,PUNCT,LET,_,3,punct,_,SpacesAfter=\n
953,1,En,en,CCONJ,VG|neven,_,3,mark,_,_
954,2,eindelijk,eindelijk,ADJ,ADJ|vrij|basis|zonder,Degree=Pos,3,advmod,_,_
955,3,kreeg,krijgen,VERB,WW|pv|verl|ev,Number=Sing|Tense=Past|VerbForm=Fin,0,root,_,_
956,4,de,de,DET,LID|bep|stan|rest,Definite=Def,5,det,_,_
957,5,kat,kat,NOUN,N|soort|ev|basis|zijd|stan,Gender=Com|Number=Sing,7,obj,_,_
958,6,die,die,PRON,VNW|betr|pron|stan|vol|persoon|getal,PronType=Rel,7,nsubj,_,_
959,7,toch,toch,ADV,BW,_,3,advmod,_,SpaceAfter=No
960,8,.,.,PUNCT,LET,_,3,punct,_,SpacesAfter=\n
961,1,Kijk,kijken,VERB,WW|pv|tgw|ev,Number=Sing|Tense=Pres|VerbForm=Fin,4,parataxis,_,SpaceAfter=No
962,2,",",",",PUNCT,LET,_,1,punct,_,_
963,3,zo,zo,ADV,BW,_,4,advmod,_,_
964,4,gaat,gaan,VERB,WW|pv|tgw|met-t,Number=Sing|Tense=Pres|VerbForm=Fin,0,root,_,_
965,5,het,het,PRON,VNW|pers|pron|stan|red|3|ev|onz,Person=3|PronType=Prs,4,nsubj,_,_
966,6,nu,nu,ADV,BW,_,4,advmod,_,_
967,7,in,in,ADP,VZ|init,_,9,case,_,_
968,8,de,de,DET,LID|bep|stan|rest,Definite=Def,9,det,_,_
969,9,wereld,wereld,NOUN,N|soort|ev|basis|zijd|stan,Gender=Com|Number=Sing,4,obl,_,SpaceAfter=No
970,10,",",",",PUNCT,LET,_,11,punct,_,_
971,11,zei,zeggen,VERB,WW|pv|verl|ev,Number=Sing|Tense=Past|VerbForm=Fin,4,parataxis,_,_
972,12,de,de,DET,LID|bep|stan|rest,Definite=Def,13,det,_,_
973,13,moeder,moeder,NOUN,N|soort|ev|basis|zijd|stan,Gender=Com|Number=Sing,11,nsubj,_,_
974,14,der,de,DET,LID|bep|gen|rest3,Definite=Def,15,det,_,_
975,15,eendjes,eendje,NOUN,N|soort|mv|dim,Number=Plur,13,nmod,_,SpaceAfter=No
976,16,.,.,PUNCT,LET,_,4,punct,_,SpacesAfter=\n
977,1,En,en,CCONJ,VG|neven,_,3,mark,_,_
978,2,zij,zij,PRON,VNW|pers|pron|nomin|vol|3v|ev|fem,Case=Nom|Person=3|PronType=Prs,3,nsubj,_,_
979,3,stak,steken,VERB,WW|pv|verl|ev,Number=Sing|Tense=Past|VerbForm=Fin,0,root,_,_
980,4,haar,haar,PRON,VNW|bez|det|stan|vol|3|ev|prenom|zonder|agr,Person=3|Poss=Yes|PronType=Prs,5,nmod:poss,_,_
981,5,snavel,snavel,NOUN,N|soort|ev|basis|zijd|stan,Gender=Com|Number=Sing,3,obj,_,_
982,6,al,al,ADV,BW,_,3,advmod,_,_
983,7,uit,uit,ADP,VZ|fin,_,3,compound:prt,_,SpaceAfter=No
984,8,",",",",PUNCT,LET,_,11,punct,_,_
985,9,want,want,CCONJ,VG|neven,_,11,cc,_,_
986,10,zij,zij,PRON,VNW|pers|pron|nomin|vol|3v|ev|fem,Case=Nom|Person=3|PronType=Prs,11,nsubj,_,_
987,11,wilde,willen,VERB,WW|pv|verl|ev,Number=Sing|Tense=Past|VerbForm=Fin,3,conj,_,_
988,12,de,de,DET,LID|bep|stan|rest,Definite=Def,13,det,_,_
989,13,palingkop,palingkop,NOUN,N|soort|ev|basis|zijd|stan,Gender=Com|Number=Sing,16,obj,_,_
990,14,ook,ook,ADV,BW,_,16,advmod,_,_
991,15,wel,wel,ADV,BW,_,16,advmod,_,_
992,16,hebben,hebben,VERB,WW|inf|vrij|zonder,VerbForm=Inf,11,xcomp,_,SpaceAfter=No
993,17,.,.,PUNCT,LET,_,3,punct,_,SpacesAfter=\n
994,1,Gebruikt,gebruiken,VERB,WW|pv|tgw|met-t,Number=Sing|Tense=Pres|VerbForm=Fin,0,root,_,_
995,2,je,je,PRON,VNW|pers|pron|nomin|red|2v|ev,Case=Nom|Person=2|PronType=Prs,1,nsubj,_,_
996,3,poten,poten,NOUN,N|soort|mv|basis,Number=Plur,1,obj,_,_
997,4,nu,nu,ADV,BW,_,1,advmod,_,SpaceAfter=No
998,5,",",",",PUNCT,LET,_,6,punct,_,_
999,6,vervolgde,vervolgen,VERB,WW|pv|verl|ev,Number=Sing|Tense=Past|VerbForm=Fin,1,parataxis,_,_
1000,7,zij,zij,PRON,VNW|pers|pron|nomin|vol|3v|ev|fem,Case=Nom|Person=3|PronType=Prs,6,nsubj,_,SpaceAfter=No
1001,8,.,.,PUNCT,LET,_,1,punct,_,SpacesAfter=\n
1002,1,Houdt,houden,VERB,WW|pv|tgw|met-t,Number=Sing|Tense=Pres|VerbForm=Fin,0,root,_,_
1003,2,je,je,PRON,VNW|pr|pron|obl|red|2v|getal,Case=Acc|Person=2|PronType=Prs,1,nsubj,_,_
1004,3,fatsoen,fatsoen,ADJ,ADJ|vrij|basis|zonder,Degree=Pos,1,advmod,_,_
1005,4,en,en,CCONJ,VG|neven,_,5,cc,_,_
1006,5,maakt,maken,VERB,WW|pv|tgw|met-t,Number=Sing|Tense=Pres|VerbForm=Fin,1,conj,_,_
1007,6,een,een,DET,LID|onbep|stan|agr,Definite=Ind,7,det,_,_
1008,7,buiging,buiging,NOUN,N|soort|ev|basis|zijd|stan,Gender=Com|Number=Sing,5,obj,_,_
1009,8,voor,voor,ADP,VZ|init,_,11,case,_,_
1010,9,de,de,DET,LID|bep|stan|rest,Definite=Def,11,det,_,_
1011,10,oude,oud,ADJ,ADJ|prenom|basis|met-e|stan,Degree=Pos,11,amod,_,_
1012,11,eend,eend,NOUN,N|soort|ev|basis|zijd|stan,Gender=Com|Number=Sing,7,nmod,_,SpaceAfter=No
1013,12,",",",",PUNCT,LET,_,16,punct,_,_
1014,13,die,die,PRON,VNW|betr|pron|stan|vol|persoon|getal,PronType=Rel,16,nsubj,_,_
1015,14,je,je,PRON,VNW|pr|pron|obl|red|2v|getal,Case=Acc|Person=2|PronType=Prs,16,obj,_,_
1016,15,daar,daar,ADV,VNW|aanw|adv-pron|obl|vol|3o|getal,_,16,advmod,_,_
1017,16,ziet,zien,VERB,WW|pv|tgw|met-t,Number=Sing|Tense=Pres|VerbForm=Fin,11,acl:relcl,_,SpaceAfter=No
1018,17,.,.,PUNCT,LET,_,1,punct,_,SpacesAfter=\n
1019,1,Dat,dat,PRON,VNW|aanw|pron|stan|vol|3o|ev,Person=3|PronType=Dem,4,nsubj,_,_
1020,2,is,zijn,AUX,WW|pv|tgw|ev,Number=Sing|Tense=Pres|VerbForm=Fin,4,cop,_,_
1021,3,de,de,DET,LID|bep|stan|rest,Definite=Def,4,det,_,_
1022,4,voornaamste,voornaam,NOUN,N|soort|ev|basis|zijd|stan,Gender=Com|Number=Sing,0,root,_,_
1023,5,van,van,ADP,VZ|init,_,6,case,_,_
1024,6,alle,al,DET,VNW|onbep|det|stan|prenom|met-e|agr,_,4,nmod,_,SpaceAfter=No
1025,7,.,.,PUNCT,LET,_,4,punct,_,SpacesAfter=\n
1026,1,Zij,zij,PRON,VNW|pers|pron|nomin|vol|3v|ev|fem,Case=Nom|Person=3|PronType=Prs,2,nsubj,_,_
1027,2,is,zijn,AUX,WW|pv|tgw|ev,Number=Sing|Tense=Pres|VerbForm=Fin,0,root,_,_
1028,3,van,van,ADP,VZ|init,_,5,case,_,_
1029,4,Spaanse,Spaans,ADJ,ADJ|prenom|basis|met-e|stan,Degree=Pos,5,amod,_,_
1030,5,afkomst,afkomst,NOUN,N|soort|ev|basis|zijd|stan,Gender=Com|Number=Sing,2,obl,_,SpaceAfter=No
1031,6,.,.,PUNCT,LET,_,2,punct,_,SpacesAfter=\n
1032,1,Daarom,daarom,ADV,BW,_,5,advmod,_,_
1033,2,is,zijn,AUX,WW|pv|tgw|ev,Number=Sing|Tense=Pres|VerbForm=Fin,5,cop,_,_
1034,3,zij,zij,PRON,VNW|pers|pron|nomin|vol|3v|ev|fem,Case=Nom|Person=3|PronType=Prs,5,nsubj,_,_
1035,4,zo,zo,ADV,BW,_,5,advmod,_,_
1036,5,dik,diken,ADJ,ADJ|vrij|basis|zonder,Degree=Pos,0,root,_,SpaceAfter=No
1037,6,.,.,PUNCT,LET,_,5,punct,_,SpacesAfter=\n
1038,1,En,en,CCONJ,VG|neven,_,3,mark,_,SpaceAfter=No
1039,2,",",",",PUNCT,LET,_,1,punct,_,_
1040,3,zie,zien,VERB,WW|pv|tgw|ev,Number=Sing|Tense=Pres|VerbForm=Fin,0,root,_,_
1041,4,je,je,PRON,VNW|pers|pron|nomin|red|2v|ev,Case=Nom|Person=2|PronType=Prs,3,nsubj,_,_
1042,5,wel,wel,ADV,BW,_,3,advmod,_,SpaceAfter=No
1043,6,",",",",PUNCT,LET,_,8,punct,_,_
1044,7,zij,zij,PRON,VNW|pers|pron|nomin|vol|3v|ev|fem,Case=Nom|Person=3|PronType=Prs,8,nsubj,_,_
1045,8,heeft,hebben,VERB,WW|pv|tgw|met-t,Number=Sing|Tense=Pres|VerbForm=Fin,3,parataxis,_,_
1046,9,een,een,DET,LID|onbep|stan|agr,Definite=Ind,11,det,_,_
1047,10,rood,rood,ADJ,ADJ|prenom|basis|zonder,Degree=Pos,11,amod,_,_
1048,11,lapje,lap,NOUN,N|soort|ev|dim|onz|stan,Gender=Neut|Number=Sing,8,obj,_,_
1049,12,om,om,ADP,VZ|init,_,14,case,_,_
1050,13,haar,haar,PRON,VNW|bez|det|stan|vol|3|ev|prenom|zonder|agr,Person=3|Poss=Yes|PronType=Prs,14,nmod:poss,_,_
1051,14,poot,poot,NOUN,N|soort|ev|basis|zijd|stan,Gender=Com|Number=Sing,8,obl,_,SpaceAfter=No
1052,15,.,.,PUNCT,LET,_,3,punct,_,SpacesAfter=\n
1053,1,Dat,dat,PRON,VNW|aanw|pron|stan|vol|3o|ev,Person=3|PronType=Dem,3,nsubj,_,_
1054,2,is,zijn,AUX,WW|pv|tgw|ev,Number=Sing|Tense=Pres|VerbForm=Fin,3,cop,_,_
1055,3,iets,iets,PRON,VNW|onbep|pron|stan|vol|3o|ev,Person=3|PronType=Ind,0,root,_,_
1056,4,heel,heel,ADJ,ADJ|vrij|basis|zonder,Degree=Pos,5,advmod,_,_
1057,5,moois,mooi,ADJ,ADJ|postnom|basis|met-s,Degree=Pos,3,amod,_,_
1058,6,en,en,CCONJ,VG|neven,_,9,cc,_,_
1059,7,de,de,DET,LID|bep|stan|rest,Definite=Def,9,det,_,_
1060,8,grootste,groot,ADJ,ADJ|prenom|sup|met-e|stan,Degree=Sup,9,amod,_,_
1061,9,onderscheiding,onderscheiding,NOUN,N|soort|ev|basis|zijd|stan,Gender=Com|Number=Sing,3,conj,_,SpaceAfter=No
1062,10,",",",",PUNCT,LET,_,17,punct,_,_
1063,11,die,die,PRON,VNW|betr|pron|stan|vol|persoon|getal,PronType=Rel,17,nsubj,_,_
1064,12,een,een,DET,LID|onbep|stan|agr,Definite=Ind,13,det,_,_
1065,13,eend,eend,NOUN,N|soort|ev|basis|zijd|stan,Gender=Com|Number=Sing,17,nsubj,_,_
1066,14,te,te,ADP,VZ|init,_,17,compound:prt,_,_
1067,15,beurt,beurten,NOUN,N|soort|ev|basis|zijd|stan,Gender=Com|Number=Sing,14,fixed,_,_
1068,16,kan,kunnen,AUX,WW|pv|tgw|ev,Number=Sing|Tense=Pres|VerbForm=Fin,17,aux,_,_
1069,17,vallen,vallen,VERB,WW|inf|vrij|zonder,VerbForm=Inf,9,acl:relcl,_,SpaceAfter=No
1070,18,.,.,PUNCT,LET,_,3,punct,_,SpacesAfter=\n
1071,1,Dat,dat,PRON,VNW|aanw|pron|stan|vol|3o|ev,Person=3|PronType=Dem,2,nsubj,_,_
1072,2,betekent,betekenen,VERB,WW|pv|tgw|met-t,Number=Sing|Tense=Pres|VerbForm=Fin,0,root,_,_
1073,3,dat,dat,SCONJ,VG|onder,_,8,mark,_,_
1074,4,men,men,PRON,VNW|pers|pron|nomin|red|3p|ev|masc,Case=Nom|Person=3|PronType=Prs,8,nsubj,_,_
1075,5,haar,haar,PRON,VNW|pers|pron|obl|vol|3|getal|fem,Case=Acc|Person=3|PronType=Prs,6,obj,_,_
1076,6,niet,niet,ADV,BW,_,7,advmod,_,_
1077,7,kwijt,kwijt,ADJ,ADJ|vrij|basis|zonder,Degree=Pos,8,xcomp,_,_
1078,8,wil,willen,VERB,WW|pv|tgw|ev,Number=Sing|Tense=Pres|VerbForm=Fin,2,ccomp,_,_
1079,9,raken,raken,VERB,WW|inf|vrij|zonder,VerbForm=Inf,19,xcomp,_,_
1080,10,en,en,CCONJ,VG|neven,_,19,cc,_,_
1081,11,dat,dat,SCONJ,VG|onder,_,19,mark,_,_
1082,12,zij,zij,PRON,VNW|pers|pron|nomin|vol|3p|mv,Case=Nom|Person=3|PronType=Prs,19,nsubj,_,_
1083,13,door,door,ADP,VZ|init,_,14,case,_,_
1084,14,dieren,dier,NOUN,N|soort|mv|basis,Number=Plur,19,obl,_,_
1085,15,en,en,CCONJ,VG|neven,_,16,cc,_,_
1086,16,mensen,mens,NOUN,N|soort|mv|basis,Number=Plur,14,conj,_,_
1087,17,erkend,erkennen,ADV,BW,_,19,xcomp,_,_
1088,18,moet,moeten,AUX,WW|pv|tgw|ev,Number=Sing|Tense=Pres|VerbForm=Fin,19,aux,_,_
1089,19,worden,worden,VERB,WW|inf|vrij|zonder,VerbForm=Inf,8,advcl,_,SpaceAfter=No
1090,20,.,.,PUNCT,LET,_,2,punct,_,SpacesAfter=\n
